Prefix         ; Length ; Type                 ; Tariff        ; Area Code Length ; National Only ; Format      ; Regions ; Geocode:en                                            ; Geocode:es                                            ; Provenance ; Comment
111            ; 10     ; FIXED_LINE_OR_MOBILE ; STANDARD_RATE ; 2                ; false         ; "geo_2/4/4" ; "AR"    ; "Buenos Aires"                                        ; "Buenos Aires"                                        ;            ; "Added Based on client T#04478056"
11[2-7]        ; 10     ; FIXED_LINE_OR_MOBILE ; STANDARD_RATE ; 2                ; false         ; "geo_2/4/4" ; "AR"    ; "Buenos Aires"                                        ; "Buenos Aires"
118            ; 10     ; FIXED_LINE_OR_MOBILE ; STANDARD_RATE ; 2                ; false         ; "geo_2/4/4" ; "AR"    ; "Buenos Aires"                                        ; "Buenos Aires"                                        ;            ; "Added based on client T#04478056"
2202[4-6]      ; 10     ; FIXED_LINE_OR_MOBILE ; STANDARD_RATE ; 4                ; false         ; "geo_4/2/4" ; "AR"    ; "González Catán/Virrey del Pino, Buenos Aires"        ; "González Catán/Virrey del Pino, Buenos Aires"
220[45]        ; 10     ; FIXED_LINE_OR_MOBILE ; STANDARD_RATE ; 3                ; false         ; "geo_3/3/4" ; "AR"    ; "Merlo, Buenos Aires"                                 ; "Merlo, Buenos Aires"
221[2-6]       ; 10     ; FIXED_LINE_OR_MOBILE ; STANDARD_RATE ; 3                ; false         ; "geo_3/3/4" ; "AR"    ; "La Plata, Buenos Aires"                              ; "La Plata, Buenos Aires"
22214          ; 10     ; FIXED_LINE_OR_MOBILE ; STANDARD_RATE ; 4                ; false         ; "geo_4/2/4" ; "AR"    ; "Magdalena/Verónica, Buenos Aires"                    ; "Magdalena/Verónica, Buenos Aires"
2223[4-6]      ; 10     ; FIXED_LINE_OR_MOBILE ; STANDARD_RATE ; 4                ; false         ; "geo_4/2/4" ; "AR"    ; "Brandsen, Buenos Aires"                              ; "Brandsen, Buenos Aires"
2224[4-6]      ; 10     ; FIXED_LINE_OR_MOBILE ; STANDARD_RATE ; 4                ; false         ; "geo_4/2/4" ; "AR"    ; "Glew/Guernica, Buenos Aires"                         ; "Glew/Guernica, Buenos Aires"
2225[45]       ; 10     ; FIXED_LINE_OR_MOBILE ; STANDARD_RATE ; 4                ; false         ; "geo_4/2/4" ; "AR"    ; "Alejandro Korn, Buenos Aires"                        ; "Alejandro Korn, Buenos Aires"
2226[4-6]      ; 10     ; FIXED_LINE_OR_MOBILE ; STANDARD_RATE ; 4                ; false         ; "geo_4/2/4" ; "AR"    ; "Cañuelas, Buenos Aires"                              ; "Cañuelas, Buenos Aires"
2227[4-6]      ; 10     ; FIXED_LINE_OR_MOBILE ; STANDARD_RATE ; 4                ; false         ; "geo_4/2/4" ; "AR"    ; "Lobos, Buenos Aires"                                 ; "Lobos, Buenos Aires"
2229[45]       ; 10     ; FIXED_LINE_OR_MOBILE ; STANDARD_RATE ; 4                ; false         ; "geo_4/2/4" ; "AR"    ; "Juan María Gutiérrez/El Pato, Buenos Aires"          ; "Juan María Gutiérrez/El Pato, Buenos Aires"
223[3-6]       ; 10     ; FIXED_LINE_OR_MOBILE ; STANDARD_RATE ; 3                ; false         ; "geo_3/3/4" ; "AR"    ; "Mar del Plata, Buenos Aires"                         ; "Mar del Plata, Buenos Aires"
2241[4-6]      ; 10     ; FIXED_LINE_OR_MOBILE ; STANDARD_RATE ; 4                ; false         ; "geo_4/2/4" ; "AR"    ; "Chascomús, Buenos Aires"                             ; "Chascomús, Buenos Aires"
22424          ; 10     ; FIXED_LINE_OR_MOBILE ; STANDARD_RATE ; 4                ; false         ; "geo_4/2/4" ; "AR"    ; "Lezama, Buenos Aires"                                ; "Lezama, Buenos Aires"
22434          ; 10     ; FIXED_LINE_OR_MOBILE ; STANDARD_RATE ; 4                ; false         ; "geo_4/2/4" ; "AR"    ; "General Belgrano, Buenos Aires"                      ; "General Belgrano, Buenos Aires"
2244[45]       ; 10     ; FIXED_LINE_OR_MOBILE ; STANDARD_RATE ; 4                ; false         ; "geo_4/2/4" ; "AR"    ; "Las Flores, Buenos Aires"                            ; "Las Flores, Buenos Aires"
2245[4-6]      ; 10     ; FIXED_LINE_OR_MOBILE ; STANDARD_RATE ; 4                ; false         ; "geo_4/2/4" ; "AR"    ; "Dolores, Buenos Aires"                               ; "Dolores, Buenos Aires"
2246[4-6]      ; 10     ; FIXED_LINE_OR_MOBILE ; STANDARD_RATE ; 4                ; false         ; "geo_4/2/4" ; "AR"    ; "Santa Teresita, Buenos Aires"                        ; "Santa Teresita, Buenos Aires"
2252[45]       ; 10     ; FIXED_LINE_OR_MOBILE ; STANDARD_RATE ; 4                ; false         ; "geo_4/2/4" ; "AR"    ; "San Clemente del Tuyú, Buenos Aires"                 ; "San Clemente del Tuyú, Buenos Aires"
2254[4-6]      ; 10     ; FIXED_LINE_OR_MOBILE ; STANDARD_RATE ; 4                ; false         ; "geo_4/2/4" ; "AR"    ; "Pinamar, Buenos Aires"                               ; "Pinamar, Buenos Aires"
2255[4-6]      ; 10     ; FIXED_LINE_OR_MOBILE ; STANDARD_RATE ; 4                ; false         ; "geo_4/2/4" ; "AR"    ; "Villa Gesell, Buenos Aires"                          ; "Villa Gesell, Buenos Aires"
2257[3-6]      ; 10     ; FIXED_LINE_OR_MOBILE ; STANDARD_RATE ; 4                ; false         ; "geo_4/2/4" ; "AR"    ; "Mar de Ajó, Buenos Aires"                            ; "Mar de Ajó, Buenos Aires"
22614          ; 10     ; FIXED_LINE_OR_MOBILE ; STANDARD_RATE ; 4                ; false         ; "geo_4/2/4" ; "AR"    ; "Lobería, Buenos Aires"                               ; "Lobería, Buenos Aires"
2262[2-6]      ; 10     ; FIXED_LINE_OR_MOBILE ; STANDARD_RATE ; 4                ; false         ; "geo_4/2/4" ; "AR"    ; "Necochea, Buenos Aires"                              ; "Necochea, Buenos Aires"
22644          ; 10     ; FIXED_LINE_OR_MOBILE ; STANDARD_RATE ; 4                ; false         ; "geo_4/2/4" ; "AR"    ; "La Dulce (Nicanor Olivera), Buenos Aires"            ; "La Dulce (Nicanor Olivera), Buenos Aires"
22654          ; 10     ; FIXED_LINE_OR_MOBILE ; STANDARD_RATE ; 4                ; false         ; "geo_4/2/4" ; "AR"    ; "Coronel Vidal, Buenos Aires"                         ; "Coronel Vidal, Buenos Aires"
2266[4-6]      ; 10     ; FIXED_LINE_OR_MOBILE ; STANDARD_RATE ; 4                ; false         ; "geo_4/2/4" ; "AR"    ; "Balcarce, Buenos Aires"                              ; "Balcarce, Buenos Aires"
2267[4-6]      ; 10     ; FIXED_LINE_OR_MOBILE ; STANDARD_RATE ; 4                ; false         ; "geo_4/2/4" ; "AR"    ; "General Juan Madariaga, Buenos Aires"                ; "General Juan Madariaga, Buenos Aires"
2268[4-6]      ; 10     ; FIXED_LINE_OR_MOBILE ; STANDARD_RATE ; 4                ; false         ; "geo_4/2/4" ; "AR"    ; "Maipú, Buenos Aires"                                 ; "Maipú, Buenos Aires"
22714          ; 10     ; FIXED_LINE_OR_MOBILE ; STANDARD_RATE ; 4                ; false         ; "geo_4/2/4" ; "AR"    ; "San Miguel del Monte, Buenos Aires"                  ; "San Miguel del Monte, Buenos Aires"
22724          ; 10     ; FIXED_LINE_OR_MOBILE ; STANDARD_RATE ; 4                ; false         ; "geo_4/2/4" ; "AR"    ; "Navarro, Buenos Aires"                               ; "Navarro, Buenos Aires"
22734          ; 10     ; FIXED_LINE_OR_MOBILE ; STANDARD_RATE ; 4                ; false         ; "geo_4/2/4" ; "AR"    ; "Carmen de Areco, Buenos Aires"                       ; "Carmen de Areco, Buenos Aires"
22744          ; 10     ; FIXED_LINE_OR_MOBILE ; STANDARD_RATE ; 4                ; false         ; "geo_4/2/4" ; "AR"    ; "Carlos Spegazzini, Buenos Aires"                     ; "Carlos Spegazzini, Buenos Aires"
2281[3-6]      ; 10     ; FIXED_LINE_OR_MOBILE ; STANDARD_RATE ; 4                ; false         ; "geo_4/2/4" ; "AR"    ; "Azul, Buenos Aires"                                  ; "Azul, Buenos Aires"
22834          ; 10     ; FIXED_LINE_OR_MOBILE ; STANDARD_RATE ; 4                ; false         ; "geo_4/2/4" ; "AR"    ; "Tapalqué, Buenos Aires"                              ; "Tapalqué, Buenos Aires"
2284[2-7]      ; 10     ; FIXED_LINE_OR_MOBILE ; STANDARD_RATE ; 4                ; false         ; "geo_4/2/4" ; "AR"    ; "Olavarría, Buenos Aires"                             ; "Olavarría, Buenos Aires"
22854          ; 10     ; FIXED_LINE_OR_MOBILE ; STANDARD_RATE ; 4                ; false         ; "geo_4/2/4" ; "AR"    ; "Laprida, Buenos Aires"                               ; "Laprida, Buenos Aires"
22864          ; 10     ; FIXED_LINE_OR_MOBILE ; STANDARD_RATE ; 4                ; false         ; "geo_4/2/4" ; "AR"    ; "General La Madrid, Buenos Aires"                     ; "General La Madrid, Buenos Aires"
2291[4-6]      ; 10     ; FIXED_LINE_OR_MOBILE ; STANDARD_RATE ; 4                ; false         ; "geo_4/2/4" ; "AR"    ; "Miramar, Buenos Aires"                               ; "Miramar, Buenos Aires"
22924          ; 10     ; FIXED_LINE_OR_MOBILE ; STANDARD_RATE ; 4                ; false         ; "geo_4/2/4" ; "AR"    ; "Benito Juárez, Buenos Aires"                         ; "Benito Juárez, Buenos Aires"
22964          ; 10     ; FIXED_LINE_OR_MOBILE ; STANDARD_RATE ; 4                ; false         ; "geo_4/2/4" ; "AR"    ; "Ayacucho, Buenos Aires"                              ; "Ayacucho, Buenos Aires"
22974          ; 10     ; FIXED_LINE_OR_MOBILE ; STANDARD_RATE ; 4                ; false         ; "geo_4/2/4" ; "AR"    ; "Rauch, Buenos Aires"                                 ; "Rauch, Buenos Aires"
2302[2-6]      ; 10     ; FIXED_LINE_OR_MOBILE ; STANDARD_RATE ; 4                ; false         ; "geo_4/2/4" ; "AR"    ; "General Pico, La Pampa"                              ; "General Pico, La Pampa"
23027          ; 10     ; FIXED_LINE_OR_MOBILE ; STANDARD_RATE ; 4                ; false         ; "geo_4/2/4" ; "AR"    ; "General Pico, La Pampa"                              ; "General Pico, La Pampa"                              ; GOVERNMENT
2304           ; 10     ; FIXED_LINE_OR_MOBILE ; STANDARD_RATE ; 3                ; false         ; "geo_3/3/4" ; "AR"    ; "Pilar, Buenos Aires"                                 ; "Pilar, Buenos Aires"
2314[4-6]      ; 10     ; FIXED_LINE_OR_MOBILE ; STANDARD_RATE ; 4                ; false         ; "geo_4/2/4" ; "AR"    ; "Bolívar, Buenos Aires"                               ; "Bolívar, Buenos Aires"
23164          ; 10     ; FIXED_LINE_OR_MOBILE ; STANDARD_RATE ; 4                ; false         ; "geo_4/2/4" ; "AR"    ; "Daireaux, Buenos Aires"                              ; "Daireaux, Buenos Aires"
2317[4-6]      ; 10     ; FIXED_LINE_OR_MOBILE ; STANDARD_RATE ; 4                ; false         ; "geo_4/2/4" ; "AR"    ; "9 de Julio, Buenos Aires"                            ; "9 de Julio, Buenos Aires"
2320[2-6]      ; 10     ; FIXED_LINE_OR_MOBILE ; STANDARD_RATE ; 4                ; false         ; "geo_4/2/4" ; "AR"    ; "José C. Paz, Buenos Aires"                           ; "José C. Paz, Buenos Aires"
2323[2-6]      ; 10     ; FIXED_LINE_OR_MOBILE ; STANDARD_RATE ; 4                ; false         ; "geo_4/2/4" ; "AR"    ; "Luján, Buenos Aires"                                 ; "Luján, Buenos Aires"
23237          ; 10     ; FIXED_LINE_OR_MOBILE ; STANDARD_RATE ; 4                ; false         ; "geo_4/2/4" ; "AR"    ; "Luján, Buenos Aires"                                 ; "Luján, Buenos Aires"                                 ; GOVERNMENT
2324[3-6]      ; 10     ; FIXED_LINE_OR_MOBILE ; STANDARD_RATE ; 4                ; false         ; "geo_4/2/4" ; "AR"    ; "Mercedes, Buenos Aires"                              ; "Mercedes, Buenos Aires"
2325[4-6]      ; 10     ; FIXED_LINE_OR_MOBILE ; STANDARD_RATE ; 4                ; false         ; "geo_4/2/4" ; "AR"    ; "San Andrés de Giles, Buenos Aires"                   ; "San Andrés de Giles, Buenos Aires"
2326[45]       ; 10     ; FIXED_LINE_OR_MOBILE ; STANDARD_RATE ; 4                ; false         ; "geo_4/2/4" ; "AR"    ; "San Antonio de Areco, Buenos Aires"                  ; "San Antonio de Areco, Buenos Aires"
23314          ; 10     ; FIXED_LINE_OR_MOBILE ; STANDARD_RATE ; 4                ; false         ; "geo_4/2/4" ; "AR"    ; "Realicó, La Pampa"                                   ; "Realicó, La Pampa"
23334          ; 10     ; FIXED_LINE_OR_MOBILE ; STANDARD_RATE ; 4                ; false         ; "geo_4/2/4" ; "AR"    ; "Quemú Quemú, La Pampa"                               ; "Quemú Quemú, La Pampa"
23344          ; 10     ; FIXED_LINE_OR_MOBILE ; STANDARD_RATE ; 4                ; false         ; "geo_4/2/4" ; "AR"    ; "Eduardo Castex, La Pampa"                            ; "Eduardo Castex, La Pampa"
23354          ; 10     ; FIXED_LINE_OR_MOBILE ; STANDARD_RATE ; 4                ; false         ; "geo_4/2/4" ; "AR"    ; "Realicó/Rancul Dept., La Pampa"                      ; "Dpto. Realicó/Rancul, La Pampa"
23364          ; 10     ; FIXED_LINE_OR_MOBILE ; STANDARD_RATE ; 4                ; false         ; "geo_4/2/4" ; "AR"    ; "Huinca Renancó/Villa Huidobro, Córdoba"              ; "Huinca Renancó/Villa Huidobro, Córdoba"
23374          ; 10     ; FIXED_LINE_OR_MOBILE ; STANDARD_RATE ; 4                ; false         ; "geo_4/2/4" ; "AR"    ; "América/Rivadavia, Buenos Aires"                     ; "América/Rivadavia, Buenos Aires"
23384          ; 10     ; FIXED_LINE_OR_MOBILE ; STANDARD_RATE ; 4                ; false         ; "geo_4/2/4" ; "AR"    ; "Victorica, La Pampa"                                 ; "Victorica, La Pampa"
2342[45]       ; 10     ; FIXED_LINE_OR_MOBILE ; STANDARD_RATE ; 4                ; false         ; "geo_4/2/4" ; "AR"    ; "Bragado, Buenos Aires"                               ; "Bragado, Buenos Aires"
23426          ; 10     ; FIXED_LINE_OR_MOBILE ; STANDARD_RATE ; 4                ; false         ; "geo_4/2/4" ; "AR"    ; "Bragado, Buenos Aires"                               ; "Bragado, Buenos Aires"                               ; GOVERNMENT
23434          ; 10     ; FIXED_LINE_OR_MOBILE ; STANDARD_RATE ; 4                ; false         ; "geo_4/2/4" ; "AR"    ; "Norberto de La Riestra, Buenos Aires"                ; "Norberto de La Riestra, Buenos Aires"
2344[45]       ; 10     ; FIXED_LINE_OR_MOBILE ; STANDARD_RATE ; 4                ; false         ; "geo_4/2/4" ; "AR"    ; "Saladillo, Buenos Aires"                             ; "Saladillo, Buenos Aires"
2345[4-6]      ; 10     ; FIXED_LINE_OR_MOBILE ; STANDARD_RATE ; 4                ; false         ; "geo_4/2/4" ; "AR"    ; "25 de Mayo, Buenos Aires"                            ; "25 de Mayo, Buenos Aires"
2346[3-6]      ; 10     ; FIXED_LINE_OR_MOBILE ; STANDARD_RATE ; 4                ; false         ; "geo_4/2/4" ; "AR"    ; "Chivilcoy, Buenos Aires"                             ; "Chivilcoy, Buenos Aires"
2352[4-6]      ; 10     ; FIXED_LINE_OR_MOBILE ; STANDARD_RATE ; 4                ; false         ; "geo_4/2/4" ; "AR"    ; "Chacabuco, Buenos Aires"                             ; "Chacabuco, Buenos Aires"
23534          ; 10     ; FIXED_LINE_OR_MOBILE ; STANDARD_RATE ; 4                ; false         ; "geo_4/2/4" ; "AR"    ; "General Arenales, Buenos Aires"                      ; "General Arenales, Buenos Aires"
23544          ; 10     ; FIXED_LINE_OR_MOBILE ; STANDARD_RATE ; 4                ; false         ; "geo_4/2/4" ; "AR"    ; "Vedia, Buenos Aires"                                 ; "Vedia, Buenos Aires"
2355[4-6]      ; 10     ; FIXED_LINE_OR_MOBILE ; STANDARD_RATE ; 4                ; false         ; "geo_4/2/4" ; "AR"    ; "Lincoln, Buenos Aires"                               ; "Lincoln, Buenos Aires"
23564          ; 10     ; FIXED_LINE_OR_MOBILE ; STANDARD_RATE ; 4                ; false         ; "geo_4/2/4" ; "AR"    ; "General Pinto, Buenos Aires"                         ; "General Pinto, Buenos Aires"
23574          ; 10     ; FIXED_LINE_OR_MOBILE ; STANDARD_RATE ; 4                ; false         ; "geo_4/2/4" ; "AR"    ; "Carlos Tejedor, Buenos Aires"                        ; "Carlos Tejedor, Buenos Aires"
23584          ; 10     ; FIXED_LINE_OR_MOBILE ; STANDARD_RATE ; 4                ; false         ; "geo_4/2/4" ; "AR"    ; "Los Toldos, Buenos Aires"                            ; "Los Toldos, Buenos Aires"
2364           ; 10     ; FIXED_LINE_OR_MOBILE ; STANDARD_RATE ; 3                ; false         ; "geo_3/3/4" ; "AR"    ; "Junín, Buenos Aires"                                 ; "Junín, Buenos Aires"
237[45]        ; 10     ; FIXED_LINE_OR_MOBILE ; STANDARD_RATE ; 3                ; false         ; "geo_3/3/4" ; "AR"    ; "Moreno, Buenos Aires"                                ; "Moreno, Buenos Aires"
2392[3-6]      ; 10     ; FIXED_LINE_OR_MOBILE ; STANDARD_RATE ; 4                ; false         ; "geo_4/2/4" ; "AR"    ; "Trenque Lauquen, Buenos Aires"                       ; "Trenque Lauquen, Buenos Aires"
23934          ; 10     ; FIXED_LINE_OR_MOBILE ; STANDARD_RATE ; 4                ; false         ; "geo_4/2/4" ; "AR"    ; "Salazar, Buenos Aires"                               ; "Salazar, Buenos Aires"
23944          ; 10     ; FIXED_LINE_OR_MOBILE ; STANDARD_RATE ; 4                ; false         ; "geo_4/2/4" ; "AR"    ; "Tres Lomas/Salliqueló, Buenos Aires"                 ; "Tres Lomas/Salliqueló, Buenos Aires"
23954          ; 10     ; FIXED_LINE_OR_MOBILE ; STANDARD_RATE ; 4                ; false         ; "geo_4/2/4" ; "AR"    ; "Carlos Casares, Buenos Aires"                        ; "Carlos Casares, Buenos Aires"
2396[4-6]      ; 10     ; FIXED_LINE_OR_MOBILE ; STANDARD_RATE ; 4                ; false         ; "geo_4/2/4" ; "AR"    ; "Pehuajó, Buenos Aires"                               ; "Pehuajó, Buenos Aires"
2473[45]       ; 10     ; FIXED_LINE_OR_MOBILE ; STANDARD_RATE ; 4                ; false         ; "geo_4/2/4" ; "AR"    ; "Colón, Buenos Aires"                                 ; "Colón, Buenos Aires"
2474[4-6]      ; 10     ; FIXED_LINE_OR_MOBILE ; STANDARD_RATE ; 4                ; false         ; "geo_4/2/4" ; "AR"    ; "Salto, Buenos Aires"                                 ; "Salto, Buenos Aires"
24754          ; 10     ; FIXED_LINE_OR_MOBILE ; STANDARD_RATE ; 4                ; false         ; "geo_4/2/4" ; "AR"    ; "Rojas, Buenos Aires"                                 ; "Rojas, Buenos Aires"
2477[2-6]      ; 10     ; FIXED_LINE_OR_MOBILE ; STANDARD_RATE ; 4                ; false         ; "geo_4/2/4" ; "AR"    ; "Pergamino, Buenos Aires"                             ; "Pergamino, Buenos Aires"
2478[4-6]      ; 10     ; FIXED_LINE_OR_MOBILE ; STANDARD_RATE ; 4                ; false         ; "geo_4/2/4" ; "AR"    ; "Arrecifes, Buenos Aires"                             ; "Arrecifes, Buenos Aires"
2494           ; 10     ; FIXED_LINE_OR_MOBILE ; STANDARD_RATE ; 3                ; false         ; "geo_3/3/4" ; "AR"    ; "Tandil, Buenos Aires"                                ; "Tandil, Buenos Aires"
2604           ; 10     ; FIXED_LINE_OR_MOBILE ; STANDARD_RATE ; 3                ; false         ; "geo_3/3/4" ; "AR"    ; "San Rafael, Mendoza"                                 ; "San Rafael, Mendoza"
261[2-8]       ; 10     ; FIXED_LINE_OR_MOBILE ; STANDARD_RATE ; 3                ; false         ; "geo_3/3/4" ; "AR"    ; "Mendoza, Mendoza"                                    ; "Mendoza, Mendoza"
2622[2-6]      ; 10     ; FIXED_LINE_OR_MOBILE ; STANDARD_RATE ; 4                ; false         ; "geo_4/2/4" ; "AR"    ; "Tunuyán, Mendoza"                                    ; "Tunuyán, Mendoza"
26244          ; 10     ; FIXED_LINE_OR_MOBILE ; STANDARD_RATE ; 4                ; false         ; "geo_4/2/4" ; "AR"    ; "Uspallata, Mendoza"                                  ; "Uspallata, Mendoza"
2625[4-6]      ; 10     ; FIXED_LINE_OR_MOBILE ; STANDARD_RATE ; 4                ; false         ; "geo_4/2/4" ; "AR"    ; "General Alvear, Mendoza"                             ; "General Alvear, Mendoza"
26264          ; 10     ; FIXED_LINE_OR_MOBILE ; STANDARD_RATE ; 4                ; false         ; "geo_4/2/4" ; "AR"    ; "La Paz, Mendoza"                                     ; "La Paz, Mendoza"
263[45]        ; 10     ; FIXED_LINE_OR_MOBILE ; STANDARD_RATE ; 3                ; false         ; "geo_3/3/4" ; "AR"    ; "San Martín, Mendoza"                                 ; "San Martín, Mendoza"
2643[0-3]      ; 10     ; FIXED_LINE_OR_MOBILE ; STANDARD_RATE ; 3                ; false         ; "geo_3/3/4" ; "AR"    ; "San Juan, San Juan"                                  ; "San Juan, San Juan"                                  ; GOVERNMENT
264[45]        ; 10     ; FIXED_LINE_OR_MOBILE ; STANDARD_RATE ; 3                ; false         ; "geo_3/3/4" ; "AR"    ; "San Juan, San Juan"                                  ; "San Juan, San Juan"
2646[0-35-9]   ; 10     ; FIXED_LINE_OR_MOBILE ; STANDARD_RATE ; 3                ; false         ; "geo_3/3/4" ; "AR"    ; "Villa San Agustín, San Juan"                         ; "Villa San Agustín, San Juan"
26464          ; 10     ; FIXED_LINE_OR_MOBILE ; STANDARD_RATE ; 4                ; false         ; "geo_4/2/4" ; "AR"    ; "Villa San Agustín, San Juan"                         ; "Villa San Agustín, San Juan"
26474          ; 10     ; FIXED_LINE_OR_MOBILE ; STANDARD_RATE ; 4                ; false         ; "geo_4/2/4" ; "AR"    ; "San José de Jáchal, San Juan"                        ; "San José de Jáchal, San Juan"
26484          ; 10     ; FIXED_LINE_OR_MOBILE ; STANDARD_RATE ; 4                ; false         ; "geo_4/2/4" ; "AR"    ; "Calingasta, San Juan"                                ; "Calingasta, San Juan"
26514          ; 10     ; FIXED_LINE_OR_MOBILE ; STANDARD_RATE ; 4                ; false         ; "geo_4/2/4" ; "AR"    ; "San Francisco del Monte de Oro, San Luis"            ; "San Francisco del Monte de Oro, San Luis"
26554          ; 10     ; FIXED_LINE_OR_MOBILE ; STANDARD_RATE ; 4                ; false         ; "geo_4/2/4" ; "AR"    ; "La Toma, San Luis"                                   ; "La Toma, San Luis"
26564          ; 10     ; FIXED_LINE_OR_MOBILE ; STANDARD_RATE ; 4                ; false         ; "geo_4/2/4" ; "AR"    ; "Merlo, San Luis"                                     ; "Merlo, San Luis"
2657[2-8]      ; 10     ; FIXED_LINE_OR_MOBILE ; STANDARD_RATE ; 4                ; false         ; "geo_4/2/4" ; "AR"    ; "Villa Mercedes, San Luis"                            ; "Villa Mercedes, San Luis"                            ; GOVERNMENT
26584          ; 10     ; FIXED_LINE_OR_MOBILE ; STANDARD_RATE ; 4                ; false         ; "geo_4/2/4" ; "AR"    ; "Buena Esperanza, San Luis"                           ; "Buena Esperanza, San Luis"
266[45]        ; 10     ; FIXED_LINE_OR_MOBILE ; STANDARD_RATE ; 3                ; false         ; "geo_3/3/4" ; "AR"    ; "San Luis, San Luis"                                  ; "San Luis, San Luis"
280[45]        ; 10     ; FIXED_LINE_OR_MOBILE ; STANDARD_RATE ; 3                ; false         ; "geo_3/3/4" ; "AR"    ; "Trelew/Rawson, Chubut"                               ; "Trelew/Rawson, Chubut"
2901[3-6]      ; 10     ; FIXED_LINE_OR_MOBILE ; STANDARD_RATE ; 4                ; false         ; "geo_4/2/4" ; "AR"    ; "Ushuaia, Tierra del Fuego"                           ; "Ushuaia, Tierra del Fuego"
2902[45]       ; 10     ; FIXED_LINE_OR_MOBILE ; STANDARD_RATE ; 4                ; false         ; "geo_4/2/4" ; "AR"    ; "Río Turbio, Santa Cruz"                              ; "Río Turbio, Santa Cruz"
29034          ; 10     ; FIXED_LINE_OR_MOBILE ; STANDARD_RATE ; 4                ; false         ; "geo_4/2/4" ; "AR"    ; "Río Mayo, Chubut"                                    ; "Río Mayo, Chubut"
291[4-6]       ; 10     ; FIXED_LINE_OR_MOBILE ; STANDARD_RATE ; 3                ; false         ; "geo_3/3/4" ; "AR"    ; "Bahía Blanca, Buenos Aires"                          ; "Bahía Blanca, Buenos Aires"
2920[2-7]      ; 10     ; FIXED_LINE_OR_MOBILE ; STANDARD_RATE ; 4                ; false         ; "geo_4/2/4" ; "AR"    ; "Viedma, Río Negro"                                   ; "Viedma, Río Negro"
29214          ; 10     ; FIXED_LINE_OR_MOBILE ; STANDARD_RATE ; 4                ; false         ; "geo_4/2/4" ; "AR"    ; "Coronel Dorrego, Buenos Aires"                       ; "Coronel Dorrego, Buenos Aires"
2922[45]       ; 10     ; FIXED_LINE_OR_MOBILE ; STANDARD_RATE ; 4                ; false         ; "geo_4/2/4" ; "AR"    ; "Coronel Pringles, Buenos Aires"                      ; "Coronel Pringles, Buenos Aires"
2923[3-6]      ; 10     ; FIXED_LINE_OR_MOBILE ; STANDARD_RATE ; 4                ; false         ; "geo_4/2/4" ; "AR"    ; "Pigüé, Buenos Aires"                                 ; "Pigüé, Buenos Aires"
29244          ; 10     ; FIXED_LINE_OR_MOBILE ; STANDARD_RATE ; 4                ; false         ; "geo_4/2/4" ; "AR"    ; "Darregueira, Buenos Aires"                           ; "Darregueira, Buenos Aires"
29254          ; 10     ; FIXED_LINE_OR_MOBILE ; STANDARD_RATE ; 4                ; false         ; "geo_4/2/4" ; "AR"    ; "Villa Iris, Buenos Aires"                            ; "Villa Iris, Buenos Aires"
2926[45]       ; 10     ; FIXED_LINE_OR_MOBILE ; STANDARD_RATE ; 4                ; false         ; "geo_4/2/4" ; "AR"    ; "Coronel Suárez, Buenos Aires"                        ; "Coronel Suárez, Buenos Aires"
29274          ; 10     ; FIXED_LINE_OR_MOBILE ; STANDARD_RATE ; 4                ; false         ; "geo_4/2/4" ; "AR"    ; "Médanos, Buenos Aires"                               ; "Médanos, Buenos Aires"
29284          ; 10     ; FIXED_LINE_OR_MOBILE ; STANDARD_RATE ; 4                ; false         ; "geo_4/2/4" ; "AR"    ; "Pedro Luro, Buenos Aires"                            ; "Pedro Luro, Buenos Aires"
29294          ; 10     ; FIXED_LINE_OR_MOBILE ; STANDARD_RATE ; 4                ; false         ; "geo_4/2/4" ; "AR"    ; "Guaminí, Buenos Aires"                               ; "Guaminí, Buenos Aires"
29314          ; 10     ; FIXED_LINE_OR_MOBILE ; STANDARD_RATE ; 4                ; false         ; "geo_4/2/4" ; "AR"    ; "Río Colorado, Río Negro"                             ; "Río Colorado, Río Negro"
2932[4-6]      ; 10     ; FIXED_LINE_OR_MOBILE ; STANDARD_RATE ; 4                ; false         ; "geo_4/2/4" ; "AR"    ; "Punta Alta, Buenos Aires"                            ; "Punta Alta, Buenos Aires"
29334          ; 10     ; FIXED_LINE_OR_MOBILE ; STANDARD_RATE ; 4                ; false         ; "geo_4/2/4" ; "AR"    ; "Huanguelén, Buenos Aires"                            ; "Huanguelén, Buenos Aires"
2934[45]       ; 10     ; FIXED_LINE_OR_MOBILE ; STANDARD_RATE ; 4                ; false         ; "geo_4/2/4" ; "AR"    ; "San Antonio Oeste, Río Negro"                        ; "San Antonio Oeste, Río Negro"
29354          ; 10     ; FIXED_LINE_OR_MOBILE ; STANDARD_RATE ; 4                ; false         ; "geo_4/2/4" ; "AR"    ; "Rivera, Buenos Aires"                                ; "Rivera, Buenos Aires"
29364          ; 10     ; FIXED_LINE_OR_MOBILE ; STANDARD_RATE ; 4                ; false         ; "geo_4/2/4" ; "AR"    ; "Carhué, Buenos Aires"                                ; "Carhué, Buenos Aires"
29404          ; 10     ; FIXED_LINE_OR_MOBILE ; STANDARD_RATE ; 4                ; false         ; "geo_4/2/4" ; "AR"    ; "Ingeniero Jacobacci, Río Negro"                      ; "Ingeniero Jacobacci, Río Negro"
2942[2-6]      ; 10     ; FIXED_LINE_OR_MOBILE ; STANDARD_RATE ; 4                ; false         ; "geo_4/2/4" ; "AR"    ; "Zapala, Neuquén"                                     ; "Zapala, Neuquén"
2944           ; 10     ; FIXED_LINE_OR_MOBILE ; STANDARD_RATE ; 3                ; false         ; "geo_3/3/4" ; "AR"    ; "San Carlos de Bariloche, Río Negro"                  ; "San Carlos de Bariloche, Río Negro"
2945[017-9]    ; 10     ; FIXED_LINE_OR_MOBILE ; STANDARD_RATE ; 3                ; false         ; "geo_3/3/4" ; "AR"    ; "Esquel, Chubut"                                      ; "Esquel, Chubut"
2945[2-6]      ; 10     ; FIXED_LINE_OR_MOBILE ; STANDARD_RATE ; 4                ; false         ; "geo_4/2/4" ; "AR"    ; "Esquel, Chubut"                                      ; "Esquel, Chubut"
2946[45]       ; 10     ; FIXED_LINE_OR_MOBILE ; STANDARD_RATE ; 4                ; false         ; "geo_4/2/4" ; "AR"    ; "Choele Choel, Río Negro"                             ; "Choele Choel, Río Negro"
29484          ; 10     ; FIXED_LINE_OR_MOBILE ; STANDARD_RATE ; 4                ; false         ; "geo_4/2/4" ; "AR"    ; "Chos Malal, Neuquén"                                 ; "Chos Malal, Neuquén"
29524          ; 10     ; FIXED_LINE_OR_MOBILE ; STANDARD_RATE ; 4                ; false         ; "geo_4/2/4" ; "AR"    ; "General Acha, La Pampa"                              ; "General Acha, La Pampa"
29534          ; 10     ; FIXED_LINE_OR_MOBILE ; STANDARD_RATE ; 4                ; false         ; "geo_4/2/4" ; "AR"    ; "Macachín, La Pampa"                                  ; "Macachín, La Pampa"
2954[2-8]      ; 10     ; FIXED_LINE_OR_MOBILE ; STANDARD_RATE ; 4                ; false         ; "geo_4/2/4" ; "AR"    ; "Santa Rosa, La Pampa"                                ; "Santa Rosa, La Pampa"
29624          ; 10     ; FIXED_LINE_OR_MOBILE ; STANDARD_RATE ; 4                ; false         ; "geo_4/2/4" ; "AR"    ; "Puerto San Julián, Santa Cruz"                       ; "Puerto San Julián, Santa Cruz"
29634          ; 10     ; FIXED_LINE_OR_MOBILE ; STANDARD_RATE ; 4                ; false         ; "geo_4/2/4" ; "AR"    ; "Perito Moreno, Santa Cruz"                           ; "Perito Moreno, Santa Cruz"
2964[3-6]      ; 10     ; FIXED_LINE_OR_MOBILE ; STANDARD_RATE ; 4                ; false         ; "geo_4/2/4" ; "AR"    ; "Río Grande, Tierra del Fuego"                        ; "Río Grande, Tierra del Fuego"
2966[2-7]      ; 10     ; FIXED_LINE_OR_MOBILE ; STANDARD_RATE ; 4                ; false         ; "geo_4/2/4" ; "AR"    ; "Río Gallegos, Santa Cruz"                            ; "Río Gallegos, Santa Cruz"
29668          ; 10     ; FIXED_LINE_OR_MOBILE ; STANDARD_RATE ; 4                ; false         ; "geo_4/2/4" ; "AR"    ; "Río Gallegos, Santa Cruz"                            ; "Río Gallegos, Santa Cruz"                            ; GOVERNMENT
2972[45]       ; 10     ; FIXED_LINE_OR_MOBILE ; STANDARD_RATE ; 4                ; false         ; "geo_4/2/4" ; "AR"    ; "San Martín de los Andes, Neuquén"                    ; "San Martín de los Andes, Neuquén"
297[4-6]       ; 10     ; FIXED_LINE_OR_MOBILE ; STANDARD_RATE ; 3                ; false         ; "geo_3/3/4" ; "AR"    ; "Comodoro Rivadavia, Chubut"                          ; "Comodoro Rivadavia, Chubut"
29824[02]      ; 10     ; FIXED_LINE_OR_MOBILE ; STANDARD_RATE ; 4                ; false         ; "geo_4/2/4" ; "AR"    ; "Orense, Buenos Aires"                                ; "Orense, Buenos Aires"
29824[13-8]    ; 10     ; FIXED_LINE_OR_MOBILE ; STANDARD_RATE ; 4                ; false         ; "geo_4/2/4" ; "AR"    ; "Claromecó, Buenos Aires"                             ; "Claromecó, Buenos Aires"
298249[0-689]  ; 10     ; FIXED_LINE_OR_MOBILE ; STANDARD_RATE ; 4                ; false         ; "geo_4/2/4" ; "AR"    ; "Claromecó, Buenos Aires"                             ; "Claromecó, Buenos Aires"
2982497        ; 10     ; FIXED_LINE_OR_MOBILE ; STANDARD_RATE ; 4                ; false         ; "geo_4/2/4" ; "AR"    ; "San Francisco de Bellocq, Buenos Aires"              ; "San Francisco de Bellocq, Buenos Aires"
2983[2-6]      ; 10     ; FIXED_LINE_OR_MOBILE ; STANDARD_RATE ; 4                ; false         ; "geo_4/2/4" ; "AR"    ; "Tres Arroyos, Buenos Aires"                          ; "Tres Arroyos, Buenos Aires"
298[45]        ; 10     ; FIXED_LINE_OR_MOBILE ; STANDARD_RATE ; 3                ; false         ; "geo_3/3/4" ; "AR"    ; "General Roca, Río Negro"                             ; "General Roca, Río Negro"
299[3-6]       ; 10     ; FIXED_LINE_OR_MOBILE ; STANDARD_RATE ; 3                ; false         ; "geo_3/3/4" ; "AR"    ; "Neuquén, Neuquén"                                    ; "Neuquén, Neuquén"
3327[45]       ; 10     ; FIXED_LINE_OR_MOBILE ; STANDARD_RATE ; 4                ; false         ; "geo_4/2/4" ; "AR"    ; "Benavídez, Buenos Aires"                             ; "Benavídez, Buenos Aires"
33292          ; 10     ; FIXED_LINE_OR_MOBILE ; STANDARD_RATE ; 4                ; false         ; "geo_4/2/4" ; "AR"    ; "San Pedro, Buenos Aires"                             ; "San Pedro, Buenos Aires"                             ; GOVERNMENT
3329[3-6]      ; 10     ; FIXED_LINE_OR_MOBILE ; STANDARD_RATE ; 4                ; false         ; "geo_4/2/4" ; "AR"    ; "San Pedro, Buenos Aires"                             ; "San Pedro, Buenos Aires"
3364           ; 10     ; FIXED_LINE_OR_MOBILE ; STANDARD_RATE ; 3                ; false         ; "geo_3/3/4" ; "AR"    ; "San Nicolás, Buenos Aires"                           ; "San Nicolás, Buenos Aires"
3382[4-6]      ; 10     ; FIXED_LINE_OR_MOBILE ; STANDARD_RATE ; 4                ; false         ; "geo_4/2/4" ; "AR"    ; "Rufino, Santa Fe"                                    ; "Rufino, Santa Fe"
3385[4-6]      ; 10     ; FIXED_LINE_OR_MOBILE ; STANDARD_RATE ; 4                ; false         ; "geo_4/2/4" ; "AR"    ; "Laboulaye, Córdoba"                                  ; "Laboulaye, Córdoba"
3387[4-6]      ; 10     ; FIXED_LINE_OR_MOBILE ; STANDARD_RATE ; 4                ; false         ; "geo_4/2/4" ; "AR"    ; "Buchardo, Córdoba"                                   ; "Buchardo, Córdoba"
3388[4-6]      ; 10     ; FIXED_LINE_OR_MOBILE ; STANDARD_RATE ; 4                ; false         ; "geo_4/2/4" ; "AR"    ; "General Villegas, Buenos Aires"                      ; "General Villegas, Buenos Aires"
3400[4-6]      ; 10     ; FIXED_LINE_OR_MOBILE ; STANDARD_RATE ; 4                ; false         ; "geo_4/2/4" ; "AR"    ; "Villa Constitución, Santa Fe"                        ; "Villa Constitución, Santa Fe"
3401[4-6]      ; 10     ; FIXED_LINE_OR_MOBILE ; STANDARD_RATE ; 4                ; false         ; "geo_4/2/4" ; "AR"    ; "El Trébol, Santa Fe"                                 ; "El Trébol, Santa Fe"
3402[4-6]      ; 10     ; FIXED_LINE_OR_MOBILE ; STANDARD_RATE ; 4                ; false         ; "geo_4/2/4" ; "AR"    ; "Arroyo Seco, Santa Fe"                               ; "Arroyo Seco, Santa Fe"
3404[4-6]      ; 10     ; FIXED_LINE_OR_MOBILE ; STANDARD_RATE ; 4                ; false         ; "geo_4/2/4" ; "AR"    ; "Las Colonias Dept., Santa Fe"                        ; "Dpto. Las Colonias, Santa Fe"
3405[4-6]      ; 10     ; FIXED_LINE_OR_MOBILE ; STANDARD_RATE ; 4                ; false         ; "geo_4/2/4" ; "AR"    ; "San Javier, Santa Fe"                                ; "San Javier, Santa Fe"
3406[4-6]      ; 10     ; FIXED_LINE_OR_MOBILE ; STANDARD_RATE ; 4                ; false         ; "geo_4/2/4" ; "AR"    ; "San Jorge, Santa Fe"                                 ; "San Jorge, Santa Fe"
3407[4-6]      ; 10     ; FIXED_LINE_OR_MOBILE ; STANDARD_RATE ; 4                ; false         ; "geo_4/2/4" ; "AR"    ; "Ramallo, Buenos Aires"                               ; "Ramallo, Buenos Aires"
3408[4-6]      ; 10     ; FIXED_LINE_OR_MOBILE ; STANDARD_RATE ; 4                ; false         ; "geo_4/2/4" ; "AR"    ; "San Cristóbal, Santa Fe"                             ; "San Cristóbal, Santa Fe"
3409[4-6]      ; 10     ; FIXED_LINE_OR_MOBILE ; STANDARD_RATE ; 4                ; false         ; "geo_4/2/4" ; "AR"    ; "Moisés Ville, Santa Fe"                              ; "Moisés Ville, Santa Fe"
341[2-7]       ; 10     ; FIXED_LINE_OR_MOBILE ; STANDARD_RATE ; 3                ; false         ; "geo_3/3/4" ; "AR"    ; "Rosario, Santa Fe"                                   ; "Rosario, Santa Fe"
3418           ; 10     ; FIXED_LINE_OR_MOBILE ; STANDARD_RATE ; 3                ; false         ; "geo_3/3/4" ; "AR"    ; "Rosario, Santa Fe"                                   ; "Rosario, Santa Fe"                                   ; GOVERNMENT
342[4-6]       ; 10     ; FIXED_LINE_OR_MOBILE ; STANDARD_RATE ; 3                ; false         ; "geo_3/3/4" ; "AR"    ; "Santa Fe, Santa Fe"                                  ; "Santa Fe, Santa Fe"
3434           ; 10     ; FIXED_LINE_OR_MOBILE ; STANDARD_RATE ; 3                ; false         ; "geo_3/3/4" ; "AR"    ; "Paraná, Entre Ríos"                                  ; "Paraná, Entre Ríos"
3435[0-37-9]   ; 10     ; FIXED_LINE_OR_MOBILE ; STANDARD_RATE ; 3                ; false         ; "geo_3/3/4" ; "AR"    ; "Nogoyá, Entre Ríos"                                  ; "Nogoyá, Entre Ríos"
34354[0-25689] ; 10     ; FIXED_LINE_OR_MOBILE ; STANDARD_RATE ; 4                ; false         ; "geo_4/2/4" ; "AR"    ; "Nogoyá, Entre Ríos"                                  ; "Nogoyá, Entre Ríos"
34354[347]     ; 10     ; FIXED_LINE_OR_MOBILE ; STANDARD_RATE ; 3                ; false         ; "geo_3/3/4" ; "AR"    ; "Nogoyá, Entre Ríos"                                  ; "Nogoyá, Entre Ríos"
3435[56]       ; 10     ; FIXED_LINE_OR_MOBILE ; STANDARD_RATE ; 4                ; false         ; "geo_4/2/4" ; "AR"    ; "Nogoyá, Entre Ríos"                                  ; "Nogoyá, Entre Ríos"
3436[0-37-9]   ; 10     ; FIXED_LINE_OR_MOBILE ; STANDARD_RATE ; 3                ; false         ; "geo_3/3/4" ; "AR"    ; "Victoria, Entre Ríos"                                ; "Victoria, Entre Ríos"
3436[4-6]      ; 10     ; FIXED_LINE_OR_MOBILE ; STANDARD_RATE ; 4                ; false         ; "geo_4/2/4" ; "AR"    ; "Victoria, Entre Ríos"                                ; "Victoria, Entre Ríos"
3437[4-6]      ; 10     ; FIXED_LINE_OR_MOBILE ; STANDARD_RATE ; 4                ; false         ; "geo_4/2/4" ; "AR"    ; "La Paz, Entre Ríos"                                  ; "La Paz, Entre Ríos"
3438[4-6]      ; 10     ; FIXED_LINE_OR_MOBILE ; STANDARD_RATE ; 4                ; false         ; "geo_4/2/4" ; "AR"    ; "Bovril, Entre Ríos"                                  ; "Bovril, Entre Ríos"
3442[3-6]      ; 10     ; FIXED_LINE_OR_MOBILE ; STANDARD_RATE ; 4                ; false         ; "geo_4/2/4" ; "AR"    ; "Concepción del Uruguay, Entre Ríos"                  ; "Concepción del Uruguay, Entre Ríos"
3444[4-6]      ; 10     ; FIXED_LINE_OR_MOBILE ; STANDARD_RATE ; 4                ; false         ; "geo_4/2/4" ; "AR"    ; "Gualeguay, Entre Ríos"                               ; "Gualeguay, Entre Ríos"
3445[4-6]      ; 10     ; FIXED_LINE_OR_MOBILE ; STANDARD_RATE ; 4                ; false         ; "geo_4/2/4" ; "AR"    ; "Rosario del Tala, Entre Ríos"                        ; "Rosario del Tala, Entre Ríos"
3446[2-6]      ; 10     ; FIXED_LINE_OR_MOBILE ; STANDARD_RATE ; 4                ; false         ; "geo_4/2/4" ; "AR"    ; "Gualeguaychú, Entre Ríos"                            ; "Gualeguaychú, Entre Ríos"
34467          ; 10     ; FIXED_LINE_OR_MOBILE ; STANDARD_RATE ; 4                ; false         ; "geo_4/2/4" ; "AR"    ; "Gualeguaychú, Entre Ríos"                            ; "Gualeguaychú, Entre Ríos"                            ; GOVERNMENT
3447[4-6]      ; 10     ; FIXED_LINE_OR_MOBILE ; STANDARD_RATE ; 4                ; false         ; "geo_4/2/4" ; "AR"    ; "Colón, Entre Ríos"                                   ; "Colón, Entre Ríos"
3454[0-357-9]  ; 10     ; FIXED_LINE_OR_MOBILE ; STANDARD_RATE ; 3                ; false         ; "geo_3/3/4" ; "AR"    ; "Federal, Entre Ríos"                                 ; "Federal, Entre Ríos"
3454[46]       ; 10     ; FIXED_LINE_OR_MOBILE ; STANDARD_RATE ; 4                ; false         ; "geo_4/2/4" ; "AR"    ; "Federal, Entre Ríos"                                 ; "Federal, Entre Ríos"
3455[0-37-9]   ; 10     ; FIXED_LINE_OR_MOBILE ; STANDARD_RATE ; 3                ; false         ; "geo_3/3/4" ; "AR"    ; "Villaguay, Entre Ríos"                               ; "Villaguay, Entre Ríos"
3455[4-6]      ; 10     ; FIXED_LINE_OR_MOBILE ; STANDARD_RATE ; 4                ; false         ; "geo_4/2/4" ; "AR"    ; "Villaguay, Entre Ríos"                               ; "Villaguay, Entre Ríos"
3456[0-37-9]   ; 10     ; FIXED_LINE_OR_MOBILE ; STANDARD_RATE ; 3                ; false         ; "geo_3/3/4" ; "AR"    ; "Chajarí, Entre Ríos"                                 ; "Chajarí, Entre Ríos"
3456[4-6]      ; 10     ; FIXED_LINE_OR_MOBILE ; STANDARD_RATE ; 4                ; false         ; "geo_4/2/4" ; "AR"    ; "Chajarí, Entre Ríos"                                 ; "Chajarí, Entre Ríos"
3458[4-6]      ; 10     ; FIXED_LINE_OR_MOBILE ; STANDARD_RATE ; 4                ; false         ; "geo_4/2/4" ; "AR"    ; "San José de Feliciano, Entre Ríos"                   ; "San José de Feliciano, Entre Ríos"
3460[4-6]      ; 10     ; FIXED_LINE_OR_MOBILE ; STANDARD_RATE ; 4                ; false         ; "geo_4/2/4" ; "AR"    ; "Santa Teresa, Santa Fe"                              ; "Santa Teresa, Santa Fe"
3462[2-6]      ; 10     ; FIXED_LINE_OR_MOBILE ; STANDARD_RATE ; 4                ; false         ; "geo_4/2/4" ; "AR"    ; "Venado Tuerto, Santa Fe"                             ; "Venado Tuerto, Santa Fe"
3463[4-6]      ; 10     ; FIXED_LINE_OR_MOBILE ; STANDARD_RATE ; 4                ; false         ; "geo_4/2/4" ; "AR"    ; "Canals, Córdoba"                                     ; "Canals, Córdoba"
3464[4-6]      ; 10     ; FIXED_LINE_OR_MOBILE ; STANDARD_RATE ; 4                ; false         ; "geo_4/2/4" ; "AR"    ; "Casilda, Santa Fe"                                   ; "Casilda, Santa Fe"
3465[4-6]      ; 10     ; FIXED_LINE_OR_MOBILE ; STANDARD_RATE ; 4                ; false         ; "geo_4/2/4" ; "AR"    ; "Firmat, Santa Fe"                                    ; "Firmat, Santa Fe"
3466[4-6]      ; 10     ; FIXED_LINE_OR_MOBILE ; STANDARD_RATE ; 4                ; false         ; "geo_4/2/4" ; "AR"    ; "Barrancas, Santa Fe"                                 ; "Barrancas, Santa Fe"
3467[4-6]      ; 10     ; FIXED_LINE_OR_MOBILE ; STANDARD_RATE ; 4                ; false         ; "geo_4/2/4" ; "AR"    ; "Cruz Alta, Córdoba/San José de la Esquina, Santa Fe" ; "Cruz Alta, Córdoba/San José de la Esquina, Santa Fe"
3468[4-6]      ; 10     ; FIXED_LINE_OR_MOBILE ; STANDARD_RATE ; 4                ; false         ; "geo_4/2/4" ; "AR"    ; "Corral de Bustos, Córdoba"                           ; "Corral de Bustos, Córdoba"
3469[4-6]      ; 10     ; FIXED_LINE_OR_MOBILE ; STANDARD_RATE ; 4                ; false         ; "geo_4/2/4" ; "AR"    ; "Acebal, Santa Fe"                                    ; "Acebal, Santa Fe"
3471[3-6]      ; 10     ; FIXED_LINE_OR_MOBILE ; STANDARD_RATE ; 4                ; false         ; "geo_4/2/4" ; "AR"    ; "Cañada de Gómez, Santa Fe"                           ; "Cañada de Gómez, Santa Fe"
3472[4-6]      ; 10     ; FIXED_LINE_OR_MOBILE ; STANDARD_RATE ; 4                ; false         ; "geo_4/2/4" ; "AR"    ; "Marcos Juárez, Córdoba"                              ; "Marcos Juárez, Córdoba"
3476[2-6]      ; 10     ; FIXED_LINE_OR_MOBILE ; STANDARD_RATE ; 4                ; false         ; "geo_4/2/4" ; "AR"    ; "San Lorenzo, Santa Fe"                               ; "San Lorenzo, Santa Fe"
3482[2-7]      ; 10     ; FIXED_LINE_OR_MOBILE ; STANDARD_RATE ; 4                ; false         ; "geo_4/2/4" ; "AR"    ; "Reconquista, Santa Fe"                               ; "Reconquista, Santa Fe"
3483[4-6]      ; 10     ; FIXED_LINE_OR_MOBILE ; STANDARD_RATE ; 4                ; false         ; "geo_4/2/4" ; "AR"    ; "Vera, Santa Fe"                                      ; "Vera, Santa Fe"
3484           ; 10     ; FIXED_LINE_OR_MOBILE ; STANDARD_RATE ; 3                ; false         ; "geo_3/3/4" ; "AR"    ; "Escobar, Buenos Aires"                               ; "Escobar, Buenos Aires"
3487[2-7]      ; 10     ; FIXED_LINE_OR_MOBILE ; STANDARD_RATE ; 4                ; false         ; "geo_4/2/4" ; "AR"    ; "Zárate, Buenos Aires"                                ; "Zárate, Buenos Aires"
3489[2-6]      ; 10     ; FIXED_LINE_OR_MOBILE ; STANDARD_RATE ; 4                ; false         ; "geo_4/2/4" ; "AR"    ; "Campana, Buenos Aires"                               ; "Campana, Buenos Aires"
3491[4-6]      ; 10     ; FIXED_LINE_OR_MOBILE ; STANDARD_RATE ; 4                ; false         ; "geo_4/2/4" ; "AR"    ; "Ceres, Santa Fe"                                     ; "Ceres, Santa Fe"
3492[2-7]      ; 10     ; FIXED_LINE_OR_MOBILE ; STANDARD_RATE ; 4                ; false         ; "geo_4/2/4" ; "AR"    ; "Rafaela, Santa Fe"                                   ; "Rafaela, Santa Fe"
3493[4-6]      ; 10     ; FIXED_LINE_OR_MOBILE ; STANDARD_RATE ; 4                ; false         ; "geo_4/2/4" ; "AR"    ; "Sunchales, Santa Fe"                                 ; "Sunchales, Santa Fe"
3496[4-6]      ; 10     ; FIXED_LINE_OR_MOBILE ; STANDARD_RATE ; 4                ; false         ; "geo_4/2/4" ; "AR"    ; "Esperanza, Santa Fe"                                 ; "Esperanza, Santa Fe"
3497[4-6]      ; 10     ; FIXED_LINE_OR_MOBILE ; STANDARD_RATE ; 4                ; false         ; "geo_4/2/4" ; "AR"    ; "Llambi Campbell, Santa Fe"                           ; "Llambi Campbell, Santa Fe"
3498[4-6]      ; 10     ; FIXED_LINE_OR_MOBILE ; STANDARD_RATE ; 4                ; false         ; "geo_4/2/4" ; "AR"    ; "San Justo, Santa Fe"                                 ; "San Justo, Santa Fe"
351[2-8]       ; 10     ; FIXED_LINE_OR_MOBILE ; STANDARD_RATE ; 3                ; false         ; "geo_3/3/4" ; "AR"    ; "Córdoba, Córdoba"                                    ; "Córdoba, Córdoba"
3519           ; 10     ; FIXED_LINE_OR_MOBILE ; STANDARD_RATE ; 3                ; false         ; "geo_3/3/4" ; "AR"    ; "Córdoba, Córdoba"                                    ; "Córdoba, Córdoba"                                    ; GOVERNMENT
3521[4-6]      ; 10     ; FIXED_LINE_OR_MOBILE ; STANDARD_RATE ; 4                ; false         ; "geo_4/2/4" ; "AR"    ; "Deán Funes, Córdoba"                                 ; "Deán Funes, Córdoba"
3522[4-6]      ; 10     ; FIXED_LINE_OR_MOBILE ; STANDARD_RATE ; 4                ; false         ; "geo_4/2/4" ; "AR"    ; "Villa de María, Córdoba"                             ; "Villa de María, Córdoba"
3524[4-6]      ; 10     ; FIXED_LINE_OR_MOBILE ; STANDARD_RATE ; 4                ; false         ; "geo_4/2/4" ; "AR"    ; "Villa del Totoral, Córdoba"                          ; "Villa del Totoral, Córdoba"
3525[3-6]      ; 10     ; FIXED_LINE_OR_MOBILE ; STANDARD_RATE ; 4                ; false         ; "geo_4/2/4" ; "AR"    ; "Jesús María, Córdoba"                                ; "Jesús María, Córdoba"
3532[4-6]      ; 10     ; FIXED_LINE_OR_MOBILE ; STANDARD_RATE ; 4                ; false         ; "geo_4/2/4" ; "AR"    ; "Oliva, Córdoba"                                      ; "Oliva, Córdoba"
3533[4-6]      ; 10     ; FIXED_LINE_OR_MOBILE ; STANDARD_RATE ; 4                ; false         ; "geo_4/2/4" ; "AR"    ; "Las Varillas, Córdoba"                               ; "Las Varillas, Córdoba"
353[4-6]       ; 10     ; FIXED_LINE_OR_MOBILE ; STANDARD_RATE ; 3                ; false         ; "geo_3/3/4" ; "AR"    ; "Villa María, Córdoba"                                ; "Villa María, Córdoba"
3537[3-6]      ; 10     ; FIXED_LINE_OR_MOBILE ; STANDARD_RATE ; 4                ; false         ; "geo_4/2/4" ; "AR"    ; "Bell Ville, Córdoba"                                 ; "Bell Ville, Córdoba"
3541[2-6]      ; 10     ; FIXED_LINE_OR_MOBILE ; STANDARD_RATE ; 4                ; false         ; "geo_4/2/4" ; "AR"    ; "Villa Carlos Paz, Córdoba"                           ; "Villa Carlos Paz, Córdoba"
35417          ; 10     ; FIXED_LINE_OR_MOBILE ; STANDARD_RATE ; 4                ; false         ; "geo_4/2/4" ; "AR"    ; "Cosquin/Córdoba"                                     ; "Cosquin/Córdoba"                                     ; GOVERNMENT
3542[4-6]      ; 10     ; FIXED_LINE_OR_MOBILE ; STANDARD_RATE ; 4                ; false         ; "geo_4/2/4" ; "AR"    ; "Salsacate, Córdoba"                                  ; "Salsacate, Córdoba"
3543[3-6]      ; 10     ; FIXED_LINE_OR_MOBILE ; STANDARD_RATE ; 4                ; false         ; "geo_4/2/4" ; "AR"    ; "Córdoba (Argüello), Córdoba"                         ; "Córdoba (Argüello), Córdoba"
3544[3-6]      ; 10     ; FIXED_LINE_OR_MOBILE ; STANDARD_RATE ; 4                ; false         ; "geo_4/2/4" ; "AR"    ; "Villa Dolores, Córdoba"                              ; "Villa Dolores, Córdoba"
3546[4-6]      ; 10     ; FIXED_LINE_OR_MOBILE ; STANDARD_RATE ; 4                ; false         ; "geo_4/2/4" ; "AR"    ; "Santa Rosa de Calamuchita, Córdoba"                  ; "Santa Rosa de Calamuchita, Córdoba"
3547[3-6]      ; 10     ; FIXED_LINE_OR_MOBILE ; STANDARD_RATE ; 4                ; false         ; "geo_4/2/4" ; "AR"    ; "Alta Gracia, Córdoba"                                ; "Alta Gracia, Córdoba"
3548[4-6]      ; 10     ; FIXED_LINE_OR_MOBILE ; STANDARD_RATE ; 4                ; false         ; "geo_4/2/4" ; "AR"    ; "La Falda, Córdoba"                                   ; "La Falda, Córdoba"
3549[4-6]      ; 10     ; FIXED_LINE_OR_MOBILE ; STANDARD_RATE ; 4                ; false         ; "geo_4/2/4" ; "AR"    ; "Cruz del Eje, Córdoba"                               ; "Cruz del Eje, Córdoba"
3562[4-6]      ; 10     ; FIXED_LINE_OR_MOBILE ; STANDARD_RATE ; 4                ; false         ; "geo_4/2/4" ; "AR"    ; "Morteros, Córdoba"                                   ; "Morteros, Córdoba"
3563[4-6]      ; 10     ; FIXED_LINE_OR_MOBILE ; STANDARD_RATE ; 4                ; false         ; "geo_4/2/4" ; "AR"    ; "Balnearia, Córdoba"                                  ; "Balnearia, Córdoba"
3564[2-6]      ; 10     ; FIXED_LINE_OR_MOBILE ; STANDARD_RATE ; 4                ; false         ; "geo_4/2/4" ; "AR"    ; "San Francisco, Córdoba"                              ; "San Francisco, Córdoba"
3571[3-6]      ; 10     ; FIXED_LINE_OR_MOBILE ; STANDARD_RATE ; 4                ; false         ; "geo_4/2/4" ; "AR"    ; "Río Tercero, Córdoba"                                ; "Río Tercero, Córdoba"
3572[4-6]      ; 10     ; FIXED_LINE_OR_MOBILE ; STANDARD_RATE ; 4                ; false         ; "geo_4/2/4" ; "AR"    ; "Río Segundo, Córdoba"                                ; "Río Segundo, Córdoba"
3573[4-6]      ; 10     ; FIXED_LINE_OR_MOBILE ; STANDARD_RATE ; 4                ; false         ; "geo_4/2/4" ; "AR"    ; "Villa del Rosario, Córdoba"                          ; "Villa del Rosario, Córdoba"
3574[4-6]      ; 10     ; FIXED_LINE_OR_MOBILE ; STANDARD_RATE ; 4                ; false         ; "geo_4/2/4" ; "AR"    ; "Río Primero, Córdoba"                                ; "Río Primero, Córdoba"
3575[4-6]      ; 10     ; FIXED_LINE_OR_MOBILE ; STANDARD_RATE ; 4                ; false         ; "geo_4/2/4" ; "AR"    ; "La Puerta, Córdoba"                                  ; "La Puerta, Córdoba"
3576[4-6]      ; 10     ; FIXED_LINE_OR_MOBILE ; STANDARD_RATE ; 4                ; false         ; "geo_4/2/4" ; "AR"    ; "Arroyito, Córdoba"                                   ; "Arroyito, Córdoba"
3582[4-6]      ; 10     ; FIXED_LINE_OR_MOBILE ; STANDARD_RATE ; 4                ; false         ; "geo_4/2/4" ; "AR"    ; "Sampacho, Córdoba"                                   ; "Sampacho, Córdoba"
3583[4-6]      ; 10     ; FIXED_LINE_OR_MOBILE ; STANDARD_RATE ; 4                ; false         ; "geo_4/2/4" ; "AR"    ; "Vicuña Mackenna, Córdoba"                            ; "Vicuña Mackenna, Córdoba"
3584[0-37-9]   ; 10     ; FIXED_LINE_OR_MOBILE ; STANDARD_RATE ; 3                ; false         ; "geo_3/3/4" ; "AR"    ; "La Carlota, Córdoba"                                 ; "La Carlota, Córdoba"
3584[45]       ; 10     ; FIXED_LINE_OR_MOBILE ; STANDARD_RATE ; 4                ; false         ; "geo_4/2/4" ; "AR"    ; "La Carlota, Córdoba"                                 ; "La Carlota, Córdoba"
358460         ; 10     ; FIXED_LINE_OR_MOBILE ; STANDARD_RATE ; 4                ; false         ; "geo_4/2/4" ; "AR"    ; "La Carlota, Córdoba"                                 ; "La Carlota, Córdoba"
35846[1-9]     ; 10     ; FIXED_LINE_OR_MOBILE ; STANDARD_RATE ; 3                ; false         ; "geo_3/3/4" ; "AR"    ; "La Carlota, Córdoba"                                 ; "La Carlota, Córdoba"
3585[0-37-9]   ; 10     ; FIXED_LINE_OR_MOBILE ; STANDARD_RATE ; 3                ; false         ; "geo_3/3/4" ; "AR"    ; "Adelia María, Córdoba"                               ; "Adelia María, Córdoba"
35854[0-39]    ; 10     ; FIXED_LINE_OR_MOBILE ; STANDARD_RATE ; 4                ; false         ; "geo_4/2/4" ; "AR"    ; "Adelia María, Córdoba"                               ; "Adelia María, Córdoba"
35854[4-8]     ; 10     ; FIXED_LINE_OR_MOBILE ; STANDARD_RATE ; 3                ; false         ; "geo_3/3/4" ; "AR"    ; "Adelia María, Córdoba"                               ; "Adelia María, Córdoba"
35855          ; 10     ; FIXED_LINE_OR_MOBILE ; STANDARD_RATE ; 4                ; false         ; "geo_4/2/4" ; "AR"    ; "Adelia María, Córdoba"                               ; "Adelia María, Córdoba"
35856[0-35-9]  ; 10     ; FIXED_LINE_OR_MOBILE ; STANDARD_RATE ; 3                ; false         ; "geo_3/3/4" ; "AR"    ; "Adelia María, Córdoba"                               ; "Adelia María, Córdoba"
358564         ; 10     ; FIXED_LINE_OR_MOBILE ; STANDARD_RATE ; 4                ; false         ; "geo_4/2/4" ; "AR"    ; "Adelia María, Córdoba"                               ; "Adelia María, Córdoba"
3586           ; 10     ; FIXED_LINE_OR_MOBILE ; STANDARD_RATE ; 3                ; false         ; "geo_3/3/4" ; "AR"    ; "Río Cuarto, Córdoba"                                 ; "Río Cuarto, Córdoba"
362[45]        ; 10     ; FIXED_LINE_OR_MOBILE ; STANDARD_RATE ; 3                ; false         ; "geo_3/3/4" ; "AR"    ; "Resistencia, Chaco"                                  ; "Resistencia, Chaco"
3644           ; 10     ; FIXED_LINE_OR_MOBILE ; STANDARD_RATE ; 3                ; false         ; "geo_3/3/4" ; "AR"    ; "Presidencia Roque Sáenz Peña, Chaco"                 ; "Presidencia Roque Sáenz Peña, Chaco"
370[45]        ; 10     ; FIXED_LINE_OR_MOBILE ; STANDARD_RATE ; 3                ; false         ; "geo_3/3/4" ; "AR"    ; "Formosa, Formosa"                                    ; "Formosa, Formosa"
3711[46]       ; 10     ; FIXED_LINE_OR_MOBILE ; STANDARD_RATE ; 4                ; false         ; "geo_4/2/4" ; "AR"    ; "Ingeniero Juárez, Formosa"                           ; "Ingeniero Juárez, Formosa"
3715[46]       ; 10     ; FIXED_LINE_OR_MOBILE ; STANDARD_RATE ; 4                ; false         ; "geo_4/2/4" ; "AR"    ; "Las Lomitas, Formosa"                                ; "Las Lomitas, Formosa"
3716[4-6]      ; 10     ; FIXED_LINE_OR_MOBILE ; STANDARD_RATE ; 4                ; false         ; "geo_4/2/4" ; "AR"    ; "Comandante Fontana, Formosa"                         ; "Comandante Fontana, Formosa"
3718[3-6]      ; 10     ; FIXED_LINE_OR_MOBILE ; STANDARD_RATE ; 4                ; false         ; "geo_4/2/4" ; "AR"    ; "Clorinda, Formosa"                                   ; "Clorinda, Formosa"
3721[4-6]      ; 10     ; FIXED_LINE_OR_MOBILE ; STANDARD_RATE ; 4                ; false         ; "geo_4/2/4" ; "AR"    ; "Charadai, Chaco"                                     ; "Charadai, Chaco"
3725[4-6]      ; 10     ; FIXED_LINE_OR_MOBILE ; STANDARD_RATE ; 4                ; false         ; "geo_4/2/4" ; "AR"    ; "General José de San Martín, Chaco"                   ; "General José de San Martín, Chaco"
3731[4-6]      ; 10     ; FIXED_LINE_OR_MOBILE ; STANDARD_RATE ; 4                ; false         ; "geo_4/2/4" ; "AR"    ; "Charata, Chaco"                                      ; "Charata, Chaco"
3734[4-6]      ; 10     ; FIXED_LINE_OR_MOBILE ; STANDARD_RATE ; 4                ; false         ; "geo_4/2/4" ; "AR"    ; "Machagai/Presidencia de la Plaza, Chaco"             ; "Machagai/Presidencia de la Plaza, Chaco"
3735[4-6]      ; 10     ; FIXED_LINE_OR_MOBILE ; STANDARD_RATE ; 4                ; false         ; "geo_4/2/4" ; "AR"    ; "Villa Ángela, Chaco"                                 ; "Villa Ángela, Chaco"
3741[4-6]      ; 10     ; FIXED_LINE_OR_MOBILE ; STANDARD_RATE ; 4                ; false         ; "geo_4/2/4" ; "AR"    ; "Bernardo de Irigoyen, Misiones"                      ; "Bernardo de Irigoyen, Misiones"
3743[4-6]      ; 10     ; FIXED_LINE_OR_MOBILE ; STANDARD_RATE ; 4                ; false         ; "geo_4/2/4" ; "AR"    ; "Puerto Rico, Misiones"                               ; "Puerto Rico, Misiones"
3751[3-6]      ; 10     ; FIXED_LINE_OR_MOBILE ; STANDARD_RATE ; 4                ; false         ; "geo_4/2/4" ; "AR"    ; "Eldorado, Misiones"                                  ; "Eldorado, Misiones"
3754[4-6]      ; 10     ; FIXED_LINE_OR_MOBILE ; STANDARD_RATE ; 4                ; false         ; "geo_4/2/4" ; "AR"    ; "Leandro N. Alem, Misiones"                           ; "Leandro N. Alem, Misiones"
3755[2-7]      ; 10     ; FIXED_LINE_OR_MOBILE ; STANDARD_RATE ; 4                ; false         ; "geo_4/2/4" ; "AR"    ; "Oberá, Misiones"                                     ; "Oberá, Misiones"
37558          ; 10     ; FIXED_LINE_OR_MOBILE ; STANDARD_RATE ; 4                ; false         ; "geo_4/2/4" ; "AR"    ; "Oberá, Misiones"                                     ; "Oberá, Misiones"                                     ; GOVERNMENT
3756[4-6]      ; 10     ; FIXED_LINE_OR_MOBILE ; STANDARD_RATE ; 4                ; false         ; "geo_4/2/4" ; "AR"    ; "Santo Tomé, Corrientes"                              ; "Santo Tomé, Corrientes"
3757[3-6]      ; 10     ; FIXED_LINE_OR_MOBILE ; STANDARD_RATE ; 4                ; false         ; "geo_4/2/4" ; "AR"    ; "Puerto Iguazú, Misiones"                             ; "Puerto Iguazú, Misiones"
3758[4-6]      ; 10     ; FIXED_LINE_OR_MOBILE ; STANDARD_RATE ; 4                ; false         ; "geo_4/2/4" ; "AR"    ; "Apóstoles, Misiones"                                 ; "Apóstoles, Misiones"
376[45]        ; 10     ; FIXED_LINE_OR_MOBILE ; STANDARD_RATE ; 3                ; false         ; "geo_3/3/4" ; "AR"    ; "Posadas, Misiones"                                   ; "Posadas, Misiones"
3772[4-6]      ; 10     ; FIXED_LINE_OR_MOBILE ; STANDARD_RATE ; 4                ; false         ; "geo_4/2/4" ; "AR"    ; "Paso de los Libres, Corrientes"                      ; "Paso de los Libres, Corrientes"
3773[4-6]      ; 10     ; FIXED_LINE_OR_MOBILE ; STANDARD_RATE ; 4                ; false         ; "geo_4/2/4" ; "AR"    ; "Mercedes, Corrientes"                                ; "Mercedes, Corrientes"
3774[4-6]      ; 10     ; FIXED_LINE_OR_MOBILE ; STANDARD_RATE ; 4                ; false         ; "geo_4/2/4" ; "AR"    ; "Curuzú Cuatiá, Corrientes"                           ; "Curuzú Cuatiá, Corrientes"
3775[4-6]      ; 10     ; FIXED_LINE_OR_MOBILE ; STANDARD_RATE ; 4                ; false         ; "geo_4/2/4" ; "AR"    ; "Monte Caseros, Corrientes"                           ; "Monte Caseros, Corrientes"
3777[2-8]      ; 10     ; FIXED_LINE_OR_MOBILE ; STANDARD_RATE ; 4                ; false         ; "geo_4/2/4" ; "AR"    ; "Goya, Corrientes"                                    ; "Goya, Corrientes"
3781[46]       ; 10     ; FIXED_LINE_OR_MOBILE ; STANDARD_RATE ; 4                ; false         ; "geo_4/2/4" ; "AR"    ; "Caá Catí, Corrientes"                                ; "Caá Catí, Corrientes"
3782[4-6]      ; 10     ; FIXED_LINE_OR_MOBILE ; STANDARD_RATE ; 4                ; false         ; "geo_4/2/4" ; "AR"    ; "Saladas, Corrientes"                                 ; "Saladas, Corrientes"
3786[4-6]      ; 10     ; FIXED_LINE_OR_MOBILE ; STANDARD_RATE ; 4                ; false         ; "geo_4/2/4" ; "AR"    ; "Ituzaingó, Corrientes"                               ; "Ituzaingó, Corrientes"
379[45]        ; 10     ; FIXED_LINE_OR_MOBILE ; STANDARD_RATE ; 3                ; false         ; "geo_3/3/4" ; "AR"    ; "Corrientes, Corrientes"                              ; "Corrientes, Corrientes"
380[45]        ; 10     ; FIXED_LINE_OR_MOBILE ; STANDARD_RATE ; 3                ; false         ; "geo_3/3/4" ; "AR"    ; "La Rioja, La Rioja"                                  ; "La Rioja, La Rioja"
381[2-6]       ; 10     ; FIXED_LINE_OR_MOBILE ; STANDARD_RATE ; 3                ; false         ; "geo_3/3/4" ; "AR"    ; "San Miguel de Tucumán, Tucumán"                      ; "San Miguel de Tucumán, Tucumán"
3821[46]       ; 10     ; FIXED_LINE_OR_MOBILE ; STANDARD_RATE ; 4                ; false         ; "geo_4/2/4" ; "AR"    ; "Chepes, La Rioja"                                    ; "Chepes, La Rioja"
3825[4-6]      ; 10     ; FIXED_LINE_OR_MOBILE ; STANDARD_RATE ; 4                ; false         ; "geo_4/2/4" ; "AR"    ; "Chilecito, La Rioja"                                 ; "Chilecito, La Rioja"
3826[4-6]      ; 10     ; FIXED_LINE_OR_MOBILE ; STANDARD_RATE ; 4                ; false         ; "geo_4/2/4" ; "AR"    ; "Chamical, La Rioja"                                  ; "Chamical, La Rioja"
3827[4-6]      ; 10     ; FIXED_LINE_OR_MOBILE ; STANDARD_RATE ; 4                ; false         ; "geo_4/2/4" ; "AR"    ; "Aimogasta, La Rioja"                                 ; "Aimogasta, La Rioja"
3832[4-6]      ; 10     ; FIXED_LINE_OR_MOBILE ; STANDARD_RATE ; 4                ; false         ; "geo_4/2/4" ; "AR"    ; "Recreo, Catamarca"                                   ; "Recreo, Catamarca"
3834           ; 10     ; FIXED_LINE_OR_MOBILE ; STANDARD_RATE ; 3                ; false         ; "geo_3/3/4" ; "AR"    ; "San Fernando del Valle de Catamarca, Catamarca"      ; "San Fernando del Valle de Catamarca, Catamarca"
3835[0-37-9]   ; 10     ; FIXED_LINE_OR_MOBILE ; STANDARD_RATE ; 3                ; false         ; "geo_3/3/4" ; "AR"    ; "Andalgalá, Catamarca"                                ; "Andalgalá, Catamarca"
3835[4-6]      ; 10     ; FIXED_LINE_OR_MOBILE ; STANDARD_RATE ; 4                ; false         ; "geo_4/2/4" ; "AR"    ; "Andalgalá, Catamarca"                                ; "Andalgalá, Catamarca"
38360          ; 10     ; FIXED_LINE_OR_MOBILE ; STANDARD_RATE ; 3                ; false         ; "geo_3/3/4" ; "AR"    ; "Andalgalá, Catamarca"                                ; "Andalgalá, Catamarca"                                ; GOVERNMENT
3837[4-6]      ; 10     ; FIXED_LINE_OR_MOBILE ; STANDARD_RATE ; 4                ; false         ; "geo_4/2/4" ; "AR"    ; "Tinogasta, Catamarca"                                ; "Tinogasta, Catamarca"
3838[4-6]      ; 10     ; FIXED_LINE_OR_MOBILE ; STANDARD_RATE ; 4                ; false         ; "geo_4/2/4" ; "AR"    ; "Santa María, Catamarca"                              ; "Santa María, Catamarca"
3841[46]       ; 10     ; FIXED_LINE_OR_MOBILE ; STANDARD_RATE ; 4                ; false         ; "geo_4/2/4" ; "AR"    ; "Monte Quemado, Santiago del Estero"                  ; "Monte Quemado, Santiago del Estero"
3843[4-6]      ; 10     ; FIXED_LINE_OR_MOBILE ; STANDARD_RATE ; 4                ; false         ; "geo_4/2/4" ; "AR"    ; "Quimilí, Santiago del Estero"                        ; "Quimilí, Santiago del Estero"
3844[4-6]      ; 10     ; FIXED_LINE_OR_MOBILE ; STANDARD_RATE ; 4                ; false         ; "geo_4/2/4" ; "AR"    ; "Añatuya, Santiago del Estero"                        ; "Añatuya, Santiago del Estero"
3845[4-6]      ; 10     ; FIXED_LINE_OR_MOBILE ; STANDARD_RATE ; 4                ; false         ; "geo_4/2/4" ; "AR"    ; "Loreto, Santiago del Estero"                         ; "Loreto, Santiago del Estero"
3846[46]       ; 10     ; FIXED_LINE_OR_MOBILE ; STANDARD_RATE ; 4                ; false         ; "geo_4/2/4" ; "AR"    ; "Tintina, Santiago del Estero"                        ; "Tintina, Santiago del Estero"
3853           ; 10     ; FIXED_LINE_OR_MOBILE ; STANDARD_RATE ; 3                ; false         ; "geo_3/3/4" ; "AR"    ; "Santiago del Estero, Santiago del Estero"            ; "Santiago del Estero, Santiago del Estero"
3854[0-37-9]   ; 10     ; FIXED_LINE_OR_MOBILE ; STANDARD_RATE ; 3                ; false         ; "geo_3/3/4" ; "AR"    ; "Frías, Santiago del Estero"                          ; "Frías, Santiago del Estero"
38544          ; 10     ; FIXED_LINE_OR_MOBILE ; STANDARD_RATE ; 4                ; false         ; "geo_4/2/4" ; "AR"    ; "Frías, Santiago del Estero"                          ; "Frías, Santiago del Estero"
38545[0289]    ; 10     ; FIXED_LINE_OR_MOBILE ; STANDARD_RATE ; 3                ; false         ; "geo_3/3/4" ; "AR"    ; "Frías, Santiago del Estero"                          ; "Frías, Santiago del Estero"
38545[13-7]    ; 10     ; FIXED_LINE_OR_MOBILE ; STANDARD_RATE ; 4                ; false         ; "geo_4/2/4" ; "AR"    ; "Frías, Santiago del Estero"                          ; "Frías, Santiago del Estero"
38546[0-7]     ; 10     ; FIXED_LINE_OR_MOBILE ; STANDARD_RATE ; 3                ; false         ; "geo_3/3/4" ; "AR"    ; "Frías, Santiago del Estero"                          ; "Frías, Santiago del Estero"
38546[89]      ; 10     ; FIXED_LINE_OR_MOBILE ; STANDARD_RATE ; 4                ; false         ; "geo_4/2/4" ; "AR"    ; "Frías, Santiago del Estero"                          ; "Frías, Santiago del Estero"
3855[0-357-9]  ; 10     ; FIXED_LINE_OR_MOBILE ; STANDARD_RATE ; 3                ; false         ; "geo_3/3/4" ; "AR"    ; "Suncho Corral, Santiago del Estero"                  ; "Suncho Corral, Santiago del Estero"
3855[46]       ; 10     ; FIXED_LINE_OR_MOBILE ; STANDARD_RATE ; 4                ; false         ; "geo_4/2/4" ; "AR"    ; "Suncho Corral, Santiago del Estero"                  ; "Suncho Corral, Santiago del Estero"
3856[0-357-9]  ; 10     ; FIXED_LINE_OR_MOBILE ; STANDARD_RATE ; 3                ; false         ; "geo_3/3/4" ; "AR"    ; "Villa Ojo de Agua, Santiago del Estero"              ; "Villa Ojo de Agua, Santiago del Estero"
3856[46]       ; 10     ; FIXED_LINE_OR_MOBILE ; STANDARD_RATE ; 4                ; false         ; "geo_4/2/4" ; "AR"    ; "Villa Ojo de Agua, Santiago del Estero"              ; "Villa Ojo de Agua, Santiago del Estero"
3857[4-6]      ; 10     ; FIXED_LINE_OR_MOBILE ; STANDARD_RATE ; 4                ; false         ; "geo_4/2/4" ; "AR"    ; "Bandera, Santiago del Estero"                        ; "Bandera, Santiago del Estero"
3858[4-6]      ; 10     ; FIXED_LINE_OR_MOBILE ; STANDARD_RATE ; 4                ; false         ; "geo_4/2/4" ; "AR"    ; "Termas de Río Hondo, Santiago del Estero"            ; "Termas de Río Hondo, Santiago del Estero"
3861[4-6]      ; 10     ; FIXED_LINE_OR_MOBILE ; STANDARD_RATE ; 4                ; false         ; "geo_4/2/4" ; "AR"    ; "Nueva Esperanza, Santiago del Estero"                ; "Nueva Esperanza, Santiago del Estero"
3862[4-6]      ; 10     ; FIXED_LINE_OR_MOBILE ; STANDARD_RATE ; 4                ; false         ; "geo_4/2/4" ; "AR"    ; "Trancas, Tucumán"                                    ; "Trancas, Tucumán"
3863[4-6]      ; 10     ; FIXED_LINE_OR_MOBILE ; STANDARD_RATE ; 4                ; false         ; "geo_4/2/4" ; "AR"    ; "Monteros, Tucumán"                                   ; "Monteros, Tucumán"
3865[2-8]      ; 10     ; FIXED_LINE_OR_MOBILE ; STANDARD_RATE ; 4                ; false         ; "geo_4/2/4" ; "AR"    ; "Concepción, Tucumán"                                 ; "Concepción, Tucumán"
3867[4-6]      ; 10     ; FIXED_LINE_OR_MOBILE ; STANDARD_RATE ; 4                ; false         ; "geo_4/2/4" ; "AR"    ; "Tafí del Valle, Tucumán"                             ; "Tafí del Valle, Tucumán"
3868[4-6]      ; 10     ; FIXED_LINE_OR_MOBILE ; STANDARD_RATE ; 4                ; false         ; "geo_4/2/4" ; "AR"    ; "Cafayate, Salta"                                     ; "Cafayate, Salta"
3869[46]       ; 10     ; FIXED_LINE_OR_MOBILE ; STANDARD_RATE ; 4                ; false         ; "geo_4/2/4" ; "AR"    ; "Ranchillos y San Miguel, Tucumán"                    ; "Ranchillos y San Miguel, Tucumán"
387[245]       ; 10     ; FIXED_LINE_OR_MOBILE ; STANDARD_RATE ; 3                ; false         ; "geo_3/3/4" ; "AR"    ; "Salta, Salta"                                        ; "Salta, Salta"
3873           ; 10     ; FIXED_LINE_OR_MOBILE ; STANDARD_RATE ; 4                ; false         ; "geo_4/2/4" ; "AR"    ; "Tartagal, Salta"                                     ; "Tartagal, Salta"                                     ; GOVERNMENT
3876[0-37-9]   ; 10     ; FIXED_LINE_OR_MOBILE ; STANDARD_RATE ; 3                ; false         ; "geo_3/3/4" ; "AR"    ; "San José de Metán, Salta"                            ; "San José de Metán, Salta"
3876[4-6]      ; 10     ; FIXED_LINE_OR_MOBILE ; STANDARD_RATE ; 4                ; false         ; "geo_4/2/4" ; "AR"    ; "San José de Metán, Salta"                            ; "San José de Metán, Salta"
3877[4-6]      ; 10     ; FIXED_LINE_OR_MOBILE ; STANDARD_RATE ; 4                ; false         ; "geo_4/2/4" ; "AR"    ; "Joaquín Víctor González, Salta"                      ; "Joaquín Víctor González, Salta"
3878[2-7]      ; 10     ; FIXED_LINE_OR_MOBILE ; STANDARD_RATE ; 4                ; false         ; "geo_4/2/4" ; "AR"    ; "Orán, Salta"                                         ; "Orán, Salta"
388[34]        ; 10     ; FIXED_LINE_OR_MOBILE ; STANDARD_RATE ; 3                ; false         ; "geo_3/3/4" ; "AR"    ; "San Salvador de Jujuy, Jujuy"                        ; "San Salvador de Jujuy, Jujuy"
3885[0-37-9]   ; 10     ; FIXED_LINE_OR_MOBILE ; STANDARD_RATE ; 3                ; false         ; "geo_3/3/4" ; "AR"    ; "La Quiaca, Jujuy"                                    ; "La Quiaca, Jujuy"
3885[4-6]      ; 10     ; FIXED_LINE_OR_MOBILE ; STANDARD_RATE ; 4                ; false         ; "geo_4/2/4" ; "AR"    ; "La Quiaca, Jujuy"                                    ; "La Quiaca, Jujuy"
3886[0-27-9]   ; 10     ; FIXED_LINE_OR_MOBILE ; STANDARD_RATE ; 3                ; false         ; "geo_3/3/4" ; "AR"    ; "Libertador General San Martín, Jujuy"                ; "Libertador General San Martín, Jujuy"
3886[3-6]      ; 10     ; FIXED_LINE_OR_MOBILE ; STANDARD_RATE ; 4                ; false         ; "geo_4/2/4" ; "AR"    ; "Libertador General San Martín, Jujuy"                ; "Libertador General San Martín, Jujuy"
3887[4-6]      ; 10     ; FIXED_LINE_OR_MOBILE ; STANDARD_RATE ; 4                ; false         ; "geo_4/2/4" ; "AR"    ; "Humahuaca, Jujuy"                                    ; "Humahuaca, Jujuy"
3888[017-9]    ; 10     ; FIXED_LINE_OR_MOBILE ; STANDARD_RATE ; 4                ; false         ; "geo_4/2/4" ; "AR"    ;                                                       ;                                                       ; IR21
38882          ; 10     ; FIXED_LINE_OR_MOBILE ; STANDARD_RATE ; 4                ; false         ; "geo_4/2/4" ; "AR"    ;                                                       ;                                                       ; GOVERNMENT
3888[3-6]      ; 10     ; FIXED_LINE_OR_MOBILE ; STANDARD_RATE ; 4                ; false         ; "geo_4/2/4" ; "AR"    ; "San Pedro de Jujuy, Jujuy"                           ; "San Pedro de Jujuy, Jujuy"
3891[46]       ; 10     ; FIXED_LINE_OR_MOBILE ; STANDARD_RATE ; 4                ; false         ; "geo_4/2/4" ; "AR"    ; "Graneros, Tucumán"                                   ; "Graneros, Tucumán"
3892[46]       ; 10     ; FIXED_LINE_OR_MOBILE ; STANDARD_RATE ; 4                ; false         ; "geo_4/2/4" ; "AR"    ; "Amaicha del Valle, Tucumán"                          ; "Amaicha del Valle, Tucumán"
3894[4-6]      ; 10     ; FIXED_LINE_OR_MOBILE ; STANDARD_RATE ; 4                ; false         ; "geo_4/2/4" ; "AR"    ; "Burruyacú, Tucumán"                                  ; "Burruyacú, Tucumán"
60[04579]      ; 10     ; FIXED_LINE           ; PREMIUM_RATE  ;                  ; false         ; "fmt_3/3/4" ; "AR"
670            ; 10     ; FIXED_LINE           ; STANDARD_RATE ;                  ; false         ; "fmt_3/3/4" ; "AR"
675            ; 10     ; MOBILE               ; STANDARD_RATE ;                  ; false         ; "fmt_3/3/4" ; "AR"
800            ; 10     ; FIXED_LINE           ; TOLL_FREE     ;                  ; false         ; "fmt_3/3/4" ; "AR"
800            ; 11     ; FIXED_LINE           ; TOLL_FREE     ;                  ; false         ; "fmt_3/3/5" ; "AR"
810            ; 10     ; UAN                  ; STANDARD_RATE ;                  ; true          ; "fmt_3/3/4" ; "AR"
