Prefix         ; Length ; Type                 ; Tariff        ; Area Code Length ; Format           ; Timezone                               ; Regions ; Geocode:en                                                   ; Geocode:es                                                   ; Provenance
122[1-9]       ; 11     ; MOBILE               ; STANDARD_RATE ;                  ; "mobile_1/3/3/4" ; "America/Mexico_City"                  ; "MX"
123[1-35-8]    ; 11     ; MOBILE               ; STANDARD_RATE ;                  ; "mobile_1/3/3/4" ; "America/Mexico_City"                  ; "MX"
124[13-9]      ; 11     ; MOBILE               ; STANDARD_RATE ;                  ; "mobile_1/3/3/4" ; "America/Mexico_City"                  ; "MX"
127[1-689]     ; 11     ; MOBILE               ; STANDARD_RATE ;                  ; "mobile_1/3/3/4" ; "America/Mexico_City"                  ; "MX"
128[1-578]     ; 11     ; MOBILE               ; STANDARD_RATE ;                  ; "mobile_1/3/3/4" ; "America/Mexico_City"                  ; "MX"
129[467]       ; 11     ; MOBILE               ; STANDARD_RATE ;                  ; "mobile_1/3/3/4" ; "America/Mexico_City"                  ; "MX"
131[19]        ; 11     ; MOBILE               ; STANDARD_RATE ;                  ; "mobile_1/3/3/4" ; "America/Mazatlan"                     ; "MX"
131[2-7]       ; 11     ; MOBILE               ; STANDARD_RATE ;                  ; "mobile_1/3/3/4" ; "America/Mexico_City"                  ; "MX"
132[12689]     ; 11     ; MOBILE               ; STANDARD_RATE ;                  ; "mobile_1/3/3/4" ; "America/Mexico_City"                  ; "MX"
132[3-57]      ; 11     ; MOBILE               ; STANDARD_RATE ;                  ; "mobile_1/3/3/4" ; "America/Mazatlan"                     ; "MX"
133            ; 11     ; MOBILE               ; STANDARD_RATE ;                  ; "mobile_1/2/4/4" ; "America/Mexico_City"                  ; "MX"
13[45][1-9]    ; 11     ; MOBILE               ; STANDARD_RATE ;                  ; "mobile_1/3/3/4" ; "America/Mexico_City"                  ; "MX"
13[78][1-8]    ; 11     ; MOBILE               ; STANDARD_RATE ;                  ; "mobile_1/3/3/4" ; "America/Mexico_City"                  ; "MX"
1389           ; 11     ; MOBILE               ; STANDARD_RATE ;                  ; "mobile_1/3/3/4" ; "America/Mazatlan"                     ; "MX"
139[1-5]       ; 11     ; MOBILE               ; STANDARD_RATE ;                  ; "mobile_1/3/3/4" ; "America/Mexico_City"                  ; "MX"
141[1-57-9]    ; 11     ; MOBILE               ; STANDARD_RATE ;                  ; "mobile_1/3/3/4" ; "America/Mexico_City"                  ; "MX"
14[24-7][1-9]  ; 11     ; MOBILE               ; STANDARD_RATE ;                  ; "mobile_1/3/3/4" ; "America/Mexico_City"                  ; "MX"
143[1-8]       ; 11     ; MOBILE               ; STANDARD_RATE ;                  ; "mobile_1/3/3/4" ; "America/Mexico_City"                  ; "MX"
148[1-35-9]    ; 11     ; MOBILE               ; STANDARD_RATE ;                  ; "mobile_1/3/3/4" ; "America/Mexico_City"                  ; "MX"
149[2-689]     ; 11     ; MOBILE               ; STANDARD_RATE ;                  ; "mobile_1/3/3/4" ; "America/Mexico_City"                  ; "MX"
15[56]         ; 11     ; MOBILE               ; STANDARD_RATE ;                  ; "mobile_1/2/4/4" ; "America/Mexico_City"                  ; "MX"
1588           ; 11     ; MOBILE               ; STANDARD_RATE ;                  ; "mobile_1/3/3/4" ; "America/Mexico_City"                  ; "MX"
159[1-79]      ; 11     ; MOBILE               ; STANDARD_RATE ;                  ; "mobile_1/3/3/4" ; "America/Mexico_City"                  ; "MX"
161[2-5]       ; 11     ; MOBILE               ; STANDARD_RATE ;                  ; "mobile_1/3/3/4" ; "America/Mazatlan"                     ; "MX"
16[148]6       ; 11     ; MOBILE               ; STANDARD_RATE ;                  ; "mobile_1/3/3/4" ; "America/Tijuana"                      ; "MX"
1618           ; 11     ; MOBILE               ; STANDARD_RATE ;                  ; "mobile_1/3/3/4" ; "America/Mexico_City"                  ; "MX"
162[1-578]     ; 11     ; MOBILE               ; STANDARD_RATE ;                  ; "mobile_1/3/3/4" ; "America/Mazatlan"                     ; "MX"
1626           ; 11     ; MOBILE               ; STANDARD_RATE ;                  ; "mobile_1/3/3/4" ; "America/Hermosillo&America/Tijuana"   ; "MX"
1629           ; 11     ; MOBILE               ; STANDARD_RATE ;                  ; "mobile_1/3/3/4" ; "America/Mexico_City"                  ; "MX"
163[1-57-9]    ; 11     ; MOBILE               ; STANDARD_RATE ;                  ; "mobile_1/3/3/4" ; "America/Mazatlan"                     ; "MX"
1636           ; 11     ; MOBILE               ; STANDARD_RATE ;                  ; "mobile_1/3/3/4" ; "America/Hermosillo&America/Mazatlan"  ; "MX"
164[1-589]     ; 11     ; MOBILE               ; STANDARD_RATE ;                  ; "mobile_1/3/3/4" ; "America/Mazatlan"                     ; "MX"
1647           ; 11     ; MOBILE               ; STANDARD_RATE ;                  ; "mobile_1/3/3/4" ; "America/Mazatlan&America/Tijuana"     ; "MX"
165[1-39]      ; 11     ; MOBILE               ; STANDARD_RATE ;                  ; "mobile_1/3/3/4" ; "America/Mazatlan"                     ; "MX"
1656           ; 11     ; MOBILE               ; STANDARD_RATE ;                  ; "mobile_1/3/3/4" ; "America/Hermosillo"                   ; "MX"
1658           ; 11     ; MOBILE               ; STANDARD_RATE ;                  ; "mobile_1/3/3/4" ; "America/Tijuana"                      ; "MX"
166[145]       ; 11     ; MOBILE               ; STANDARD_RATE ;                  ; "mobile_1/3/3/4" ; "America/Tijuana"                      ; "MX"
166[237-9]     ; 11     ; MOBILE               ; STANDARD_RATE ;                  ; "mobile_1/3/3/4" ; "America/Mazatlan"                     ; "MX"
167[14-7]      ; 11     ; MOBILE               ; STANDARD_RATE ;                  ; "mobile_1/3/3/4" ; "America/Mexico_City"                  ; "MX"
167[23]        ; 11     ; MOBILE               ; STANDARD_RATE ;                  ; "mobile_1/3/3/4" ; "America/Mazatlan"                     ; "MX"
1687           ; 11     ; MOBILE               ; STANDARD_RATE ;                  ; "mobile_1/3/3/4" ; "America/Mazatlan"                     ; "MX"
169[4-8]       ; 11     ; MOBILE               ; STANDARD_RATE ;                  ; "mobile_1/3/3/4" ; "America/Mazatlan"                     ; "MX"
17[1-467][1-9] ; 11     ; MOBILE               ; STANDARD_RATE ;                  ; "mobile_1/3/3/4" ; "America/Mexico_City"                  ; "MX"
175[13-9]      ; 11     ; MOBILE               ; STANDARD_RATE ;                  ; "mobile_1/3/3/4" ; "America/Mexico_City"                  ; "MX"
178[1-69]      ; 11     ; MOBILE               ; STANDARD_RATE ;                  ; "mobile_1/3/3/4" ; "America/Mexico_City"                  ; "MX"
179[17]        ; 11     ; MOBILE               ; STANDARD_RATE ;                  ; "mobile_1/3/3/4" ; "America/Mexico_City"                  ; "MX"
181            ; 11     ; MOBILE               ; STANDARD_RATE ;                  ; "mobile_1/2/4/4" ; "America/Mexico_City"                  ; "MX"
182[13-689]    ; 11     ; MOBILE               ; STANDARD_RATE ;                  ; "mobile_1/3/3/4" ; "America/Mexico_City"                  ; "MX"
183[1-6]       ; 11     ; MOBILE               ; STANDARD_RATE ;                  ; "mobile_1/3/3/4" ; "America/Mexico_City"                  ; "MX"
184[124-6]     ; 11     ; MOBILE               ; STANDARD_RATE ;                  ; "mobile_1/3/3/4" ; "America/Mexico_City"                  ; "MX"
186[1246-9]    ; 11     ; MOBILE               ; STANDARD_RATE ;                  ; "mobile_1/3/3/4" ; "America/Mexico_City"                  ; "MX"
187[1-38]      ; 11     ; MOBILE               ; STANDARD_RATE ;                  ; "mobile_1/3/3/4" ; "America/Mexico_City"                  ; "MX"
1877           ; 11     ; MOBILE               ; STANDARD_RATE ;                  ; "mobile_1/3/3/4" ; "America/Mexico_City&America/Tijuana"  ; "MX"
189[12479]     ; 11     ; MOBILE               ; STANDARD_RATE ;                  ; "mobile_1/3/3/4" ; "America/Mexico_City"                  ; "MX"
191[346-9]     ; 11     ; MOBILE               ; STANDARD_RATE ;                  ; "mobile_1/3/3/4" ; "America/Mexico_City"                  ; "MX"
192[1-4]       ; 11     ; MOBILE               ; STANDARD_RATE ;                  ; "mobile_1/3/3/4" ; "America/Mexico_City"                  ; "MX"
193[2-46-8]    ; 11     ; MOBILE               ; STANDARD_RATE ;                  ; "mobile_1/3/3/4" ; "America/Mexico_City"                  ; "MX"
195[1348]      ; 11     ; MOBILE               ; STANDARD_RATE ;                  ; "mobile_1/3/3/4" ; "America/Mexico_City"                  ; "MX"
196[1-9]       ; 11     ; MOBILE               ; STANDARD_RATE ;                  ; "mobile_1/3/3/4" ; "America/Mexico_City"                  ; "MX"
197[12]        ; 11     ; MOBILE               ; STANDARD_RATE ;                  ; "mobile_1/3/3/4" ; "America/Mexico_City"                  ; "MX"
198[12568]     ; 11     ; MOBILE               ; STANDARD_RATE ;                  ; "mobile_1/3/3/4" ; "America/Mexico_City"                  ; "MX"
198[347]       ; 11     ; MOBILE               ; STANDARD_RATE ;                  ; "mobile_1/3/3/4" ; "America/New_York"                     ; "MX"
199[1-79]      ; 11     ; MOBILE               ; STANDARD_RATE ;                  ; "mobile_1/3/3/4" ; "America/Mexico_City"                  ; "MX"
1998           ; 11     ; MOBILE               ; STANDARD_RATE ;                  ; "mobile_1/3/3/4" ; "America/New_York"                     ; "MX"
200            ; 10     ; FIXED_LINE           ; STANDARD_RATE ; 3                ; "fixed_3/3/4"    ; "America/Mexico_City&America/Tijuana"  ; "MX"
201            ; 10     ; FIXED_LINE           ; STANDARD_RATE ; 3                ; "fixed_3/3/4"    ; "America/Mexico_City&America/New_York" ; "MX"
220            ; 10     ; FIXED_LINE_OR_MOBILE ; STANDARD_RATE ; 3                ; "fixed_3/3/4"    ; "America/Mexico_City"                  ; "MX"    ; "Puebla"                                                     ; "Puebla"                                                     ; GOVERNMENT
22[1-4]        ; 10     ; FIXED_LINE_OR_MOBILE ; STANDARD_RATE ; 3                ; "fixed_3/3/4"    ; "America/Mexico_City"                  ; "MX"    ; "Puebla"                                                     ; "Puebla"
225            ; 10     ; FIXED_LINE_OR_MOBILE ; STANDARD_RATE ; 3                ; "fixed_3/3/4"    ; "America/Mexico_City"                  ; "MX"    ; "Tlapacoyan, VER"                                            ; "Tlapacoyan, VER"
226            ; 10     ; FIXED_LINE_OR_MOBILE ; STANDARD_RATE ; 3                ; "fixed_3/3/4"    ; "America/Mexico_City"                  ; "MX"    ; "Altotonga/Jalacingo, VER"                                   ; "Altotonga/Jalacingo, VER"
227            ; 10     ; FIXED_LINE_OR_MOBILE ; STANDARD_RATE ; 3                ; "fixed_3/3/4"    ; "America/Mexico_City"                  ; "MX"    ; "Huejotzingo/San Buenaventura Nealtican, PUE"                ; "Huejotzingo/San Buenaventura Nealtican, PUE"
228            ; 10     ; FIXED_LINE_OR_MOBILE ; STANDARD_RATE ; 3                ; "fixed_3/3/4"    ; "America/Mexico_City"                  ; "MX"    ; "Jalapa/Tuzamapan, VER"                                      ; "Jalapa/Tuzamapan, VER"
229            ; 10     ; FIXED_LINE_OR_MOBILE ; STANDARD_RATE ; 3                ; "fixed_3/3/4"    ; "America/Mexico_City"                  ; "MX"    ; "Veracruz, VER"                                              ; "Veracruz, VER"
231            ; 10     ; FIXED_LINE_OR_MOBILE ; STANDARD_RATE ; 3                ; "fixed_3/3/4"    ; "America/Mexico_City"                  ; "MX"    ; "Teteles/Teziutlan, PUE"                                     ; "Teteles/Teziutlán, PUE"
232            ; 10     ; FIXED_LINE_OR_MOBILE ; STANDARD_RATE ; 3                ; "fixed_3/3/4"    ; "America/Mexico_City"                  ; "MX"    ; "La Vigueta/Martinez de la Torre, VER"                       ; "La Vigueta/Martínez de la Torre, VER"
23[37]         ; 10     ; FIXED_LINE_OR_MOBILE ; STANDARD_RATE ; 3                ; "fixed_3/3/4"    ; "America/Mexico_City"                  ; "MX"    ; "Puebla"                                                     ; "Puebla"
235            ; 10     ; FIXED_LINE_OR_MOBILE ; STANDARD_RATE ; 3                ; "fixed_3/3/4"    ; "America/Mexico_City"                  ; "MX"    ; "Veracruz"                                                   ; "Veracruz"
236            ; 10     ; FIXED_LINE_OR_MOBILE ; STANDARD_RATE ; 3                ; "fixed_3/3/4"    ; "America/Mexico_City"                  ; "MX"    ; "Oaxaca/Puebla"                                              ; "Oaxaca/Puebla"
238            ; 10     ; FIXED_LINE_OR_MOBILE ; STANDARD_RATE ; 3                ; "fixed_3/3/4"    ; "America/Mexico_City"                  ; "MX"    ; "Santiago Miahuatlan/Tehuacan, PUE"                          ; "Santiago Miahuatlán/Tehuacán, PUE"
24[16]         ; 10     ; FIXED_LINE_OR_MOBILE ; STANDARD_RATE ; 3                ; "fixed_3/3/4"    ; "America/Mexico_City"                  ; "MX"    ; "Tlaxcala"                                                   ; "Tlaxcala"
24[3-589]      ; 10     ; FIXED_LINE_OR_MOBILE ; STANDARD_RATE ; 3                ; "fixed_3/3/4"    ; "America/Mexico_City"                  ; "MX"    ; "Puebla"                                                     ; "Puebla"
247            ; 10     ; FIXED_LINE_OR_MOBILE ; STANDARD_RATE ; 3                ; "fixed_3/3/4"    ; "America/Mexico_City"                  ; "MX"    ; "Huamantla/San Cosme Xalostoc, TLAX"                         ; "Huamantla/San Cosme Xalostoc, TLAX"
27[1389]       ; 10     ; FIXED_LINE_OR_MOBILE ; STANDARD_RATE ; 3                ; "fixed_3/3/4"    ; "America/Mexico_City"                  ; "MX"    ; "Veracruz"                                                   ; "Veracruz"
272            ; 10     ; FIXED_LINE_OR_MOBILE ; STANDARD_RATE ; 3                ; "fixed_3/3/4"    ; "America/Mexico_City"                  ; "MX"    ; "Maltrata/Orizaba, VER"                                      ; "Maltrata/Orizaba, VER"
274            ; 10     ; FIXED_LINE_OR_MOBILE ; STANDARD_RATE ; 3                ; "fixed_3/3/4"    ; "America/Mexico_City"                  ; "MX"    ; "Oaxaca"                                                     ; "Oaxaca"
27[56]         ; 10     ; FIXED_LINE_OR_MOBILE ; STANDARD_RATE ; 3                ; "fixed_3/3/4"    ; "America/Mexico_City"                  ; "MX"    ; "Puebla"                                                     ; "Puebla"
281            ; 10     ; FIXED_LINE_OR_MOBILE ; STANDARD_RATE ; 3                ; "fixed_3/3/4"    ; "America/Mexico_City"                  ; "MX"    ; "Loma Bonita, OAX"                                           ; "Loma Bonita, OAX"
282            ; 10     ; FIXED_LINE_OR_MOBILE ; STANDARD_RATE ; 3                ; "fixed_3/3/4"    ; "America/Mexico_City"                  ; "MX"    ; "Puebla/Veracruz"                                            ; "Puebla/Veracruz"
28[358]        ; 10     ; FIXED_LINE_OR_MOBILE ; STANDARD_RATE ; 3                ; "fixed_3/3/4"    ; "America/Mexico_City"                  ; "MX"    ; "Veracruz"                                                   ; "Veracruz"
284            ; 10     ; FIXED_LINE_OR_MOBILE ; STANDARD_RATE ; 3                ; "fixed_3/3/4"    ; "America/Mexico_City"                  ; "MX"    ; "Angel Rosario Cabada/Lerdo de Tejada, VER"                  ; "Ángel Rosario Cabada/Lerdo de Tejada, VER"
287            ; 10     ; FIXED_LINE_OR_MOBILE ; STANDARD_RATE ; 3                ; "fixed_3/3/4"    ; "America/Mexico_City"                  ; "MX"    ; "Oaxaca"                                                     ; "Oaxaca"
29[46]         ; 10     ; FIXED_LINE_OR_MOBILE ; STANDARD_RATE ; 3                ; "fixed_3/3/4"    ; "America/Mexico_City"                  ; "MX"    ; "Veracruz"                                                   ; "Veracruz"
297            ; 10     ; FIXED_LINE_OR_MOBILE ; STANDARD_RATE ; 3                ; "fixed_3/3/4"    ; "America/Mexico_City"                  ; "MX"    ; "Alvarado, VER"                                              ; "Alvarado, VER"
300            ; 10     ; FIXED_LINE           ; SHARED_COST   ;                  ; "fixed_3/3/4"    ; "America/Mexico_City"                  ; "MX"
31[19]         ; 10     ; FIXED_LINE_OR_MOBILE ; STANDARD_RATE ; 3                ; "fixed_3/3/4"    ; "America/Mazatlan"                     ; "MX"    ; "Nayarit"                                                    ; "Nayarit"
312            ; 10     ; FIXED_LINE_OR_MOBILE ; STANDARD_RATE ; 3                ; "fixed_3/3/4"    ; "America/Mexico_City"                  ; "MX"    ; "Colima/Los Tepames, COL"                                    ; "Colima/Los Tepames, COL"
313            ; 10     ; FIXED_LINE_OR_MOBILE ; STANDARD_RATE ; 3                ; "fixed_3/3/4"    ; "America/Mexico_City"                  ; "MX"    ; "Colima"                                                     ; "Colima"
314            ; 10     ; FIXED_LINE_OR_MOBILE ; STANDARD_RATE ; 3                ; "fixed_3/3/4"    ; "America/Mexico_City"                  ; "MX"    ; "Manzanillo/Pena Colorada, COL"                              ; "Manzanillo/Peña Colorada, COL"
31[56]         ; 10     ; FIXED_LINE_OR_MOBILE ; STANDARD_RATE ; 3                ; "fixed_3/3/4"    ; "America/Mexico_City"                  ; "MX"    ; "Jalisco"                                                    ; "Jalisco"
317            ; 10     ; FIXED_LINE_OR_MOBILE ; STANDARD_RATE ; 3                ; "fixed_3/3/4"    ; "America/Mexico_City"                  ; "MX"    ; "Autlan/El Chante, JAL"                                      ; "Autlán/El Chante, JAL"
321            ; 10     ; FIXED_LINE_OR_MOBILE ; STANDARD_RATE ; 3                ; "fixed_3/3/4"    ; "America/Mexico_City"                  ; "MX"    ; "El Grullo/El Limon, JAL"                                    ; "El Grullo/El Limon, JAL"
32[26]         ; 10     ; FIXED_LINE_OR_MOBILE ; STANDARD_RATE ; 3                ; "fixed_3/3/4"    ; "America/Mexico_City"                  ; "MX"    ; "Jalisco"                                                    ; "Jalisco"
32[347]        ; 10     ; FIXED_LINE_OR_MOBILE ; STANDARD_RATE ; 3                ; "fixed_3/3/4"    ; "America/Mazatlan"                     ; "MX"    ; "Nayarit"                                                    ; "Nayarit"
325            ; 10     ; FIXED_LINE_OR_MOBILE ; STANDARD_RATE ; 3                ; "fixed_3/3/4"    ; "America/Mazatlan"                     ; "MX"    ; "Acaponeta, NAY"                                             ; "Acaponeta, NAY"
328            ; 10     ; FIXED_LINE_OR_MOBILE ; STANDARD_RATE ; 3                ; "fixed_3/3/4"    ; "America/Mexico_City"                  ; "MX"    ; "Michoacan"                                                  ; "Michoacán"
329            ; 10     ; FIXED_LINE_OR_MOBILE ; STANDARD_RATE ; 3                ; "fixed_3/3/4"    ; "America/Mexico_City"                  ; "MX"    ; "Nayarit"                                                    ; "Nayarit"
33             ; 10     ; FIXED_LINE_OR_MOBILE ; STANDARD_RATE ; 2                ; "fixed_2/4/4"    ; "America/Mexico_City"                  ; "MX"    ; "Guadalajara, JAL"                                           ; "Guadalajara, JAL"
341            ; 10     ; FIXED_LINE_OR_MOBILE ; STANDARD_RATE ; 3                ; "fixed_3/3/4"    ; "America/Mexico_City"                  ; "MX"    ; "Ciudad Guzman, JAL"                                         ; "Ciudad Guzmán, JAL"
342            ; 10     ; FIXED_LINE_OR_MOBILE ; STANDARD_RATE ; 3                ; "fixed_3/3/4"    ; "America/Mexico_City"                  ; "MX"    ; "Gomez Farias/Sayula, JAL"                                   ; "Gómez Farías/Sayula, JAL"
34[357-9]      ; 10     ; FIXED_LINE_OR_MOBILE ; STANDARD_RATE ; 3                ; "fixed_3/3/4"    ; "America/Mexico_City"                  ; "MX"    ; "Jalisco"                                                    ; "Jalisco"
344            ; 10     ; FIXED_LINE_OR_MOBILE ; STANDARD_RATE ; 3                ; "fixed_3/3/4"    ; "America/Mexico_City"                  ; "MX"    ; "Mexticacan/Yahualica, JAL"                                  ; "Mexticacan/Yahualica, JAL"
346            ; 10     ; FIXED_LINE_OR_MOBILE ; STANDARD_RATE ; 3                ; "fixed_3/3/4"    ; "America/Mexico_City"                  ; "MX"    ; "Jalisco/Zacatecas"                                          ; "Jalisco/Zacatecas"
351            ; 10     ; FIXED_LINE_OR_MOBILE ; STANDARD_RATE ; 3                ; "fixed_3/3/4"    ; "America/Mexico_City"                  ; "MX"    ; "Ario de Rayon/Zamora, MICH"                                 ; "Ario de Rayón/Zamora, MICH"
352            ; 10     ; FIXED_LINE_OR_MOBILE ; STANDARD_RATE ; 3                ; "fixed_3/3/4"    ; "America/Mexico_City"                  ; "MX"    ; "La Piedad, MICH"                                            ; "La Piedad, MICH"
35[3-5]        ; 10     ; FIXED_LINE_OR_MOBILE ; STANDARD_RATE ; 3                ; "fixed_3/3/4"    ; "America/Mexico_City"                  ; "MX"    ; "Michoacan"                                                  ; "Michoacán"
356            ; 10     ; FIXED_LINE_OR_MOBILE ; STANDARD_RATE ; 3                ; "fixed_3/3/4"    ; "America/Mexico_City"                  ; "MX"    ; "Tanhuato/Yurecuaro, MICH"                                   ; "Tanhuato/Yurécuaro, MICH"
357            ; 10     ; FIXED_LINE_OR_MOBILE ; STANDARD_RATE ; 3                ; "fixed_3/3/4"    ; "America/Mexico_City"                  ; "MX"    ; "Jalisco"                                                    ; "Jalisco"
358            ; 10     ; FIXED_LINE_OR_MOBILE ; STANDARD_RATE ; 3                ; "fixed_3/3/4"    ; "America/Mexico_City"                  ; "MX"    ; "Tamazula/Zapoltitic, JAL"                                   ; "Tamazula/Zapotiltic, JAL"
359            ; 10     ; FIXED_LINE_OR_MOBILE ; STANDARD_RATE ; 3                ; "fixed_3/3/4"    ; "America/Mexico_City"                  ; "MX"
37[1-468]      ; 10     ; FIXED_LINE_OR_MOBILE ; STANDARD_RATE ; 3                ; "fixed_3/3/4"    ; "America/Mexico_City"                  ; "MX"    ; "Jalisco"                                                    ; "Jalisco"
375            ; 10     ; FIXED_LINE_OR_MOBILE ; STANDARD_RATE ; 3                ; "fixed_3/3/4"    ; "America/Mexico_City"                  ; "MX"    ; "Ameca, JAL"                                                 ; "Ameca, JAL"
377            ; 10     ; FIXED_LINE_OR_MOBILE ; STANDARD_RATE ; 3                ; "fixed_3/3/4"    ; "America/Mexico_City"                  ; "MX"    ; "Cocula/Estipac, JAL"                                        ; "Cocula/Estipac, JAL"
381            ; 10     ; FIXED_LINE_OR_MOBILE ; STANDARD_RATE ; 3                ; "fixed_3/3/4"    ; "America/Mexico_City"                  ; "MX"    ; "Cojumatlan/San Jose de Gracia, MICH"                        ; "Cojumatlan/San Jose de Gracia, MICH"
38[25-8]       ; 10     ; FIXED_LINE_OR_MOBILE ; STANDARD_RATE ; 3                ; "fixed_3/3/4"    ; "America/Mexico_City"                  ; "MX"    ; "Jalisco"                                                    ; "Jalisco"
383            ; 10     ; FIXED_LINE_OR_MOBILE ; STANDARD_RATE ; 3                ; "fixed_3/3/4"    ; "America/Mexico_City"                  ; "MX"    ; "Michoacan"                                                  ; "Michoacán"
384            ; 10     ; FIXED_LINE_OR_MOBILE ; STANDARD_RATE ; 3                ; "fixed_3/3/4"    ; "America/Mexico_City"                  ; "MX"    ; "Tala/Teuchitlan, JAL"                                       ; "Tala/Teuchitlan, JAL"
389            ; 10     ; FIXED_LINE_OR_MOBILE ; STANDARD_RATE ; 3                ; "fixed_3/3/4"    ; "America/Mazatlan"                     ; "MX"    ; "Nayarit"                                                    ; "Nayarit"
39[135]        ; 10     ; FIXED_LINE_OR_MOBILE ; STANDARD_RATE ; 3                ; "fixed_3/3/4"    ; "America/Mexico_City"                  ; "MX"    ; "Jalisco"                                                    ; "Jalisco"
392            ; 10     ; FIXED_LINE_OR_MOBILE ; STANDARD_RATE ; 3                ; "fixed_3/3/4"    ; "America/Mexico_City"                  ; "MX"    ; "Jamay/Ocotlan, JAL"                                         ; "Jamay/Ocotlán, JAL"
394            ; 10     ; FIXED_LINE_OR_MOBILE ; STANDARD_RATE ; 3                ; "fixed_3/3/4"    ; "America/Mexico_City"                  ; "MX"    ; "Cotija de la Paz, MICH"                                     ; "Cotija de la Paz, MICH"
41[1279]       ; 10     ; FIXED_LINE_OR_MOBILE ; STANDARD_RATE ; 3                ; "fixed_3/3/4"    ; "America/Mexico_City"                  ; "MX"    ; "Guanajuato"                                                 ; "Guanajuato"
413            ; 10     ; FIXED_LINE_OR_MOBILE ; STANDARD_RATE ; 3                ; "fixed_3/3/4"    ; "America/Mexico_City"                  ; "MX"    ; "Apaseo el Alto/Apaseo el Grande, GTO"                       ; "Apaseo el Alto/Apaseo el Grande, GTO"
414            ; 10     ; FIXED_LINE_OR_MOBILE ; STANDARD_RATE ; 3                ; "fixed_3/3/4"    ; "America/Mexico_City"                  ; "MX"    ; "Tequisquiapan, QRO"                                         ; "Tequisquiapan, QRO"
415            ; 10     ; FIXED_LINE_OR_MOBILE ; STANDARD_RATE ; 3                ; "fixed_3/3/4"    ; "America/Mexico_City"                  ; "MX"    ; "San Miguel Allende, GTO"                                    ; "San Miguel Allende, GTO"
418            ; 10     ; FIXED_LINE_OR_MOBILE ; STANDARD_RATE ; 3                ; "fixed_3/3/4"    ; "America/Mexico_City"                  ; "MX"    ; "Dolores Hidalgo/San Diego de la Union, GTO"                 ; "Dolores Hidalgo/San Diego de la Unión, GTO"
42[19]         ; 10     ; FIXED_LINE_OR_MOBILE ; STANDARD_RATE ; 3                ; "fixed_3/3/4"    ; "America/Mexico_City"                  ; "MX"    ; "Guanajuato"                                                 ; "Guanajuato"
42[2-6]        ; 10     ; FIXED_LINE_OR_MOBILE ; STANDARD_RATE ; 3                ; "fixed_3/3/4"    ; "America/Mexico_City"                  ; "MX"    ; "Michoacan"                                                  ; "Michoacán"
427            ; 10     ; FIXED_LINE_OR_MOBILE ; STANDARD_RATE ; 3                ; "fixed_3/3/4"    ; "America/Mexico_City"                  ; "MX"    ; "Mexico/Quintana Roo"                                        ; "México/Quintana Roo"
428            ; 10     ; FIXED_LINE_OR_MOBILE ; STANDARD_RATE ; 3                ; "fixed_3/3/4"    ; "America/Mexico_City"                  ; "MX"    ; "Ocampo/San Felipe, GTO"                                     ; "Ocampo/San Felipe, GTO"
431            ; 10     ; FIXED_LINE_OR_MOBILE ; STANDARD_RATE ; 3                ; "fixed_3/3/4"    ; "America/Mexico_City"                  ; "MX"    ; "Jalostotitlan/Villa Obregon, JAL"                           ; "Jalostotitlán/Villa Obregón, JAL"
432            ; 10     ; FIXED_LINE_OR_MOBILE ; STANDARD_RATE ; 3                ; "fixed_3/3/4"    ; "America/Mexico_City"                  ; "MX"    ; "Ciudad Manuel Doblado/Romita, GTO"                          ; "Ciudad Manuel Doblado/Romita, GTO"
433            ; 10     ; FIXED_LINE_OR_MOBILE ; STANDARD_RATE ; 3                ; "fixed_3/3/4"    ; "America/Mexico_City"                  ; "MX"    ; "Zacatecas"                                                  ; "Zacatecas"
43[48]         ; 10     ; FIXED_LINE_OR_MOBILE ; STANDARD_RATE ; 3                ; "fixed_3/3/4"    ; "America/Mexico_City"                  ; "MX"    ; "Michoacan"                                                  ; "Michoacán"
435            ; 10     ; FIXED_LINE_OR_MOBILE ; STANDARD_RATE ; 3                ; "fixed_3/3/4"    ; "America/Mexico_City"                  ; "MX"    ; "Huetamo/San Lucas, MICH"                                    ; "Huetamo/San Lucas, MICH"
436            ; 10     ; FIXED_LINE_OR_MOBILE ; STANDARD_RATE ; 3                ; "fixed_3/3/4"    ; "America/Mexico_City"                  ; "MX"    ; "Zacapu, MICH"                                               ; "Zacapu, MICH"
4[35]7         ; 10     ; FIXED_LINE_OR_MOBILE ; STANDARD_RATE ; 3                ; "fixed_3/3/4"    ; "America/Mexico_City"                  ; "MX"    ; "Jalisco/Zacatecas"                                          ; "Jalisco/Zacatecas"
440            ; 10     ; FIXED_LINE_OR_MOBILE ; STANDARD_RATE ; 3                ; "fixed_3/3/4"    ; "America/Mexico_City"                  ; "MX"    ;                                                              ;                                                              ; GOVERNMENT
44[128]        ; 10     ; FIXED_LINE_OR_MOBILE ; STANDARD_RATE ; 3                ; "fixed_3/3/4"    ; "America/Mexico_City"                  ; "MX"    ; "Queretaro"                                                  ; "Querétaro"
443            ; 10     ; FIXED_LINE_OR_MOBILE ; STANDARD_RATE ; 3                ; "fixed_3/3/4"    ; "America/Mexico_City"                  ; "MX"    ; "Morelia/Tarimbaro, MICH"                                    ; "Morelia/Tarímbaro, MICH"
444            ; 10     ; FIXED_LINE_OR_MOBILE ; STANDARD_RATE ; 3                ; "fixed_3/3/4"    ; "America/Mexico_City"                  ; "MX"    ; "San Luis Potosi, SLP"                                       ; "San Luis Potosí, SLP"
445            ; 10     ; FIXED_LINE_OR_MOBILE ; STANDARD_RATE ; 3                ; "fixed_3/3/4"    ; "America/Mexico_City"                  ; "MX"    ; "Moroleon, GTO"                                              ; "Moroleon, GTO"
446            ; 10     ; FIXED_LINE_OR_MOBILE ; STANDARD_RATE ; 3                ; "fixed_3/3/4"    ; "America/Mexico_City"                  ; "MX"
447            ; 10     ; FIXED_LINE_OR_MOBILE ; STANDARD_RATE ; 3                ; "fixed_3/3/4"    ; "America/Mexico_City"                  ; "MX"    ; "Contepec/Maravatio, MICH"                                   ; "Contepec/Maravatío, MICH"
449            ; 10     ; FIXED_LINE_OR_MOBILE ; STANDARD_RATE ; 3                ; "fixed_3/3/4"    ; "America/Mexico_City"                  ; "MX"    ; "Aguascalientes/Jesus Maria, AGS"                            ; "Aguascalientes/Jesús María, AGS"
45[1459]       ; 10     ; FIXED_LINE_OR_MOBILE ; STANDARD_RATE ; 3                ; "fixed_3/3/4"    ; "America/Mexico_City"                  ; "MX"    ; "Michoacan"                                                  ; "Michoacán"
452            ; 10     ; FIXED_LINE_OR_MOBILE ; STANDARD_RATE ; 3                ; "fixed_3/3/4"    ; "America/Mexico_City"                  ; "MX"    ; "Nuevo San Juan Parangaricutiro/Uruapan, MICH"               ; "Nuevo San Juan Parangaricutiro/Uruapan, MICH"
453            ; 10     ; FIXED_LINE_OR_MOBILE ; STANDARD_RATE ; 3                ; "fixed_3/3/4"    ; "America/Mexico_City"                  ; "MX"    ; "Apatzingan, MICH"                                           ; "Apatzingán, MICH"
456            ; 10     ; FIXED_LINE_OR_MOBILE ; STANDARD_RATE ; 3                ; "fixed_3/3/4"    ; "America/Mexico_City"                  ; "MX"    ; "Valle de Santiago, GTO"                                     ; "Valle de Santiago, GTO"
458            ; 10     ; FIXED_LINE_OR_MOBILE ; STANDARD_RATE ; 3                ; "fixed_3/3/4"    ; "America/Mexico_City"                  ; "MX"    ; "Zacatecas"                                                  ; "Zacatecas"
46[16]         ; 10     ; FIXED_LINE_OR_MOBILE ; STANDARD_RATE ; 3                ; "fixed_3/3/4"    ; "America/Mexico_City"                  ; "MX"    ; "Guanajuato"                                                 ; "Guanajuato"
462            ; 10     ; FIXED_LINE_OR_MOBILE ; STANDARD_RATE ; 3                ; "fixed_3/3/4"    ; "America/Mexico_City"                  ; "MX"    ; "Irapuato, GTO"                                              ; "Irapuato, GTO"
463            ; 10     ; FIXED_LINE_OR_MOBILE ; STANDARD_RATE ; 3                ; "fixed_3/3/4"    ; "America/Mexico_City"                  ; "MX"    ; "Jalpa/Tabasco, ZAC"                                         ; "Jalpa/Tabasco, ZAC"
464            ; 10     ; FIXED_LINE_OR_MOBILE ; STANDARD_RATE ; 3                ; "fixed_3/3/4"    ; "America/Mexico_City"                  ; "MX"    ; "Salamanca, GTO"                                             ; "Salamanca, GTO"
465            ; 10     ; FIXED_LINE_OR_MOBILE ; STANDARD_RATE ; 3                ; "fixed_3/3/4"    ; "America/Mexico_City"                  ; "MX"    ; "Aguascalientes"                                             ; "Aguascalientes"
467            ; 10     ; FIXED_LINE_OR_MOBILE ; STANDARD_RATE ; 3                ; "fixed_3/3/4"    ; "America/Mexico_City"                  ; "MX"    ; "Zacatecas"                                                  ; "Zacatecas"
468            ; 10     ; FIXED_LINE_OR_MOBILE ; STANDARD_RATE ; 3                ; "fixed_3/3/4"    ; "America/Mexico_City"                  ; "MX"    ; "San Luis de la Paz, GTO"                                    ; "San Luis de la Paz, GTO"
469            ; 10     ; FIXED_LINE_OR_MOBILE ; STANDARD_RATE ; 3                ; "fixed_3/3/4"    ; "America/Mexico_City"                  ; "MX"    ; "Buenavista de Cortez/Penjamo, GTO"                          ; "Buenavista de Cortés/Pénjamo, GTO"
471            ; 10     ; FIXED_LINE_OR_MOBILE ; STANDARD_RATE ; 3                ; "fixed_3/3/4"    ; "America/Mexico_City"                  ; "MX"    ; "Purepero/Tlazazalca, MICH"                                  ; "Purepero/Tlazazalca, MICH"
472            ; 10     ; FIXED_LINE_OR_MOBILE ; STANDARD_RATE ; 3                ; "fixed_3/3/4"    ; "America/Mexico_City"                  ; "MX"    ; "Silao, GTO"                                                 ; "Silao, GTO"
473            ; 10     ; FIXED_LINE_OR_MOBILE ; STANDARD_RATE ; 3                ; "fixed_3/3/4"    ; "America/Mexico_City"                  ; "MX"    ; "Guanajuato, GTO"                                            ; "Guanajuato, GTO"
474            ; 10     ; FIXED_LINE_OR_MOBILE ; STANDARD_RATE ; 3                ; "fixed_3/3/4"    ; "America/Mexico_City"                  ; "MX"    ; "Lagos de Moreno/Paso de Cuarenta, JAL"                      ; "Lagos de Moreno/Paso de Cuarenta, JAL"
475            ; 10     ; FIXED_LINE_OR_MOBILE ; STANDARD_RATE ; 3                ; "fixed_3/3/4"    ; "America/Mexico_City"                  ; "MX"    ; "Bajio de San Jose/Encarnacion de Diaz, JAL"                 ; "Bajío de San José/Encarnación de Diaz, JAL"
476            ; 10     ; FIXED_LINE_OR_MOBILE ; STANDARD_RATE ; 3                ; "fixed_3/3/4"    ; "America/Mexico_City"                  ; "MX"    ; "San Francisco Del Rincon, GTO"                              ; "San Francisco del Rincón, GTO"
477            ; 10     ; FIXED_LINE_OR_MOBILE ; STANDARD_RATE ; 3                ; "fixed_3/3/4"    ; "America/Mexico_City"                  ; "MX"    ; "Leon, GTO"                                                  ; "León, GTO"
478            ; 10     ; FIXED_LINE_OR_MOBILE ; STANDARD_RATE ; 3                ; "fixed_3/3/4"    ; "America/Mexico_City"                  ; "MX"    ; "Calera Victor Rosales, ZAC"                                 ; "Calera Victor Rosales, ZAC"
479            ; 10     ; FIXED_LINE_OR_MOBILE ; STANDARD_RATE ; 3                ; "fixed_3/3/4"    ; "America/Mexico_City"                  ; "MX"
481            ; 10     ; FIXED_LINE_OR_MOBILE ; STANDARD_RATE ; 3                ; "fixed_3/3/4"    ; "America/Mexico_City"                  ; "MX"    ; "Ciudad Valles, SLP"                                         ; "Ciudad Valles, SLP"
48[235-9]      ; 10     ; FIXED_LINE_OR_MOBILE ; STANDARD_RATE ; 3                ; "fixed_3/3/4"    ; "America/Mexico_City"                  ; "MX"    ; "San Luis Potosi"                                            ; "San Luis Potosí"
49[268]        ; 10     ; FIXED_LINE_OR_MOBILE ; STANDARD_RATE ; 3                ; "fixed_3/3/4"    ; "America/Mexico_City"                  ; "MX"    ; "Zacatecas"                                                  ; "Zacatecas"
493            ; 10     ; FIXED_LINE_OR_MOBILE ; STANDARD_RATE ; 3                ; "fixed_3/3/4"    ; "America/Mexico_City"                  ; "MX"    ; "Fresnillo, ZAC"                                             ; "Fresnillo, ZAC"
494            ; 10     ; FIXED_LINE_OR_MOBILE ; STANDARD_RATE ; 3                ; "fixed_3/3/4"    ; "America/Mexico_City"                  ; "MX"    ; "Jerez de Garcia Salinas, ZAC"                               ; "Jerez de García Salinas, ZAC"
495            ; 10     ; FIXED_LINE_OR_MOBILE ; STANDARD_RATE ; 3                ; "fixed_3/3/4"    ; "America/Mexico_City"                  ; "MX"    ; "Aguascalientes/Jalisco"                                     ; "Aguascalientes/Jalisco"
499            ; 10     ; FIXED_LINE_OR_MOBILE ; STANDARD_RATE ; 3                ; "fixed_3/3/4"    ; "America/Mexico_City"                  ; "MX"    ; "Jalisco/Zacatecas"                                          ; "Jalisco/Zacatecas"
500            ; 10     ; PERSONAL_NUMBER      ; STANDARD_RATE ;                  ; "fixed_3/3/4"    ; "America/Mexico_City"                  ; "MX"
55             ; 10     ; FIXED_LINE_OR_MOBILE ; STANDARD_RATE ; 2                ; "fixed_2/4/4"    ; "America/Mexico_City"                  ; "MX"    ; "Mexico City, FD"                                            ; "Ciudad de México, CDMX"
56             ; 10     ; FIXED_LINE_OR_MOBILE ; STANDARD_RATE ; 2                ; "fixed_2/4/4"    ; "America/Mexico_City"                  ; "MX"
588            ; 10     ; FIXED_LINE_OR_MOBILE ; STANDARD_RATE ; 3                ; "fixed_3/3/4"    ; "America/Mexico_City"                  ; "MX"    ; "Estado de Mexico"                                           ; "Estado de México"
59[1-69]       ; 10     ; FIXED_LINE_OR_MOBILE ; STANDARD_RATE ; 3                ; "fixed_3/3/4"    ; "America/Mexico_City"                  ; "MX"    ; "Estado de Mexico"                                           ; "Estado de México"
597            ; 10     ; FIXED_LINE_OR_MOBILE ; STANDARD_RATE ; 3                ; "fixed_3/3/4"    ; "America/Mexico_City"                  ; "MX"
612            ; 10     ; FIXED_LINE_OR_MOBILE ; STANDARD_RATE ; 3                ; "fixed_3/3/4"    ; "America/Mazatlan"                     ; "MX"    ; "La Paz/Todos Santos, BCS"                                   ; "La Paz/Todos Santos, BCS"
61[35]         ; 10     ; FIXED_LINE_OR_MOBILE ; STANDARD_RATE ; 3                ; "fixed_3/3/4"    ; "America/Mazatlan"                     ; "MX"    ; "Baja California Sur"                                        ; "Baja California Sur"
614            ; 10     ; FIXED_LINE_OR_MOBILE ; STANDARD_RATE ; 3                ; "fixed_3/3/4"    ; "America/Mazatlan"                     ; "MX"    ; "Chihuahua"                                                  ; "Chihuahua"
6[148]6        ; 10     ; FIXED_LINE_OR_MOBILE ; STANDARD_RATE ; 3                ; "fixed_3/3/4"    ; "America/Tijuana"                      ; "MX"    ; "Baja California"                                            ; "Baja California"
618            ; 10     ; FIXED_LINE_OR_MOBILE ; STANDARD_RATE ; 3                ; "fixed_3/3/4"    ; "America/Mexico_City"                  ; "MX"    ; "Colonia Hidalgo/Durango, DGO"                               ; "Colonia Hidalgo/Durango, DGO"
62[1589]       ; 10     ; FIXED_LINE_OR_MOBILE ; STANDARD_RATE ; 3                ; "fixed_3/3/4"    ; "America/Mazatlan"                     ; "MX"    ; "Chihuahua"                                                  ; "Chihuahua"
622            ; 10     ; FIXED_LINE_OR_MOBILE ; STANDARD_RATE ; 3                ; "fixed_3/3/4"    ; "America/Mazatlan"                     ; "MX"    ; "Guaymas/San Carlos, SON"                                    ; "Guaymas/San Carlos, SON"
623            ; 10     ; FIXED_LINE_OR_MOBILE ; STANDARD_RATE ; 3                ; "fixed_3/3/4"    ; "America/Mazatlan"                     ; "MX"    ; "Sonora"                                                     ; "Sonora"
624            ; 10     ; FIXED_LINE_OR_MOBILE ; STANDARD_RATE ; 3                ; "fixed_3/3/4"    ; "America/Mazatlan"                     ; "MX"    ; "Baja California Sur"                                        ; "Baja California Sur"
626            ; 10     ; FIXED_LINE_OR_MOBILE ; STANDARD_RATE ; 3                ; "fixed_3/3/4"    ; "America/Hermosillo"                   ; "MX"    ; "Ojinaga, CHIH"                                              ; "Ojinaga, CHIH"
627            ; 10     ; FIXED_LINE_OR_MOBILE ; STANDARD_RATE ; 3                ; "fixed_3/3/4"    ; "America/Mazatlan"                     ; "MX"    ; "Parral, CHIH"                                               ; "Parral, CHIH"
631            ; 10     ; FIXED_LINE_OR_MOBILE ; STANDARD_RATE ; 3                ; "fixed_3/3/4"    ; "America/Mazatlan"                     ; "MX"    ; "Nogales, SON"                                               ; "Nogales, SON"
632            ; 10     ; FIXED_LINE_OR_MOBILE ; STANDARD_RATE ; 3                ; "fixed_3/3/4"    ; "America/Mazatlan"                     ; "MX"    ; "Imuris/Magdalena, SON"                                      ; "Ímuris/Magdalena, SON"
63[34]         ; 10     ; FIXED_LINE_OR_MOBILE ; STANDARD_RATE ; 3                ; "fixed_3/3/4"    ; "America/Mazatlan"                     ; "MX"    ; "Sonora"                                                     ; "Sonora"
63[569]        ; 10     ; FIXED_LINE_OR_MOBILE ; STANDARD_RATE ; 3                ; "fixed_3/3/4"    ; "America/Mazatlan"                     ; "MX"    ; "Chihuahua"                                                  ; "Chihuahua"
637            ; 10     ; FIXED_LINE_OR_MOBILE ; STANDARD_RATE ; 3                ; "fixed_3/3/4"    ; "America/Mazatlan"                     ; "MX"    ; "Altar/Caborca, SON"                                         ; "Altar/Caborca, SON"
638            ; 10     ; FIXED_LINE_OR_MOBILE ; STANDARD_RATE ; 3                ; "fixed_3/3/4"    ; "America/Mazatlan"                     ; "MX"    ; "Puerto Penasco, SON"                                        ; "Puerto Penasco, SON"
641            ; 10     ; FIXED_LINE_OR_MOBILE ; STANDARD_RATE ; 3                ; "fixed_3/3/4"    ; "America/Mazatlan"                     ; "MX"    ; "Benjamin Hill/Santa Ana, SON"                               ; "Benjamín Hill/Santa Ana, SON"
642            ; 10     ; FIXED_LINE_OR_MOBILE ; STANDARD_RATE ; 3                ; "fixed_3/3/4"    ; "America/Mazatlan"                     ; "MX"    ; "Navojoa/Pueblo Mayo, SON"                                   ; "Navojoa/Pueblo Mayo, SON"
64[347]        ; 10     ; FIXED_LINE_OR_MOBILE ; STANDARD_RATE ; 3                ; "fixed_3/3/4"    ; "America/Mazatlan"                     ; "MX"    ; "Sonora"                                                     ; "Sonora"
645            ; 10     ; FIXED_LINE_OR_MOBILE ; STANDARD_RATE ; 3                ; "fixed_3/3/4"    ; "America/Mazatlan"                     ; "MX"    ; "Cananea, SON"                                               ; "Cananea, SON"
648            ; 10     ; FIXED_LINE_OR_MOBILE ; STANDARD_RATE ; 3                ; "fixed_3/3/4"    ; "America/Mazatlan"                     ; "MX"    ; "Boquilla/Ciudad Camargo, CHIH"                              ; "Boquilla/Ciudad Camargo, CHIH"
649            ; 10     ; FIXED_LINE_OR_MOBILE ; STANDARD_RATE ; 3                ; "fixed_3/3/4"    ; "America/Mazatlan&America/Mexico_City" ; "MX"    ; "Chihuahua/Durango"                                          ; "Chihuahua/Durango"
651            ; 10     ; FIXED_LINE_OR_MOBILE ; STANDARD_RATE ; 3                ; "fixed_3/3/4"    ; "America/Mazatlan"                     ; "MX"    ; "Sonoita, SON"                                               ; "Sonoita, SON"
65[29]         ; 10     ; FIXED_LINE_OR_MOBILE ; STANDARD_RATE ; 3                ; "fixed_3/3/4"    ; "America/Mazatlan"                     ; "MX"    ; "Chihuahua"                                                  ; "Chihuahua"
653            ; 10     ; FIXED_LINE_OR_MOBILE ; STANDARD_RATE ; 3                ; "fixed_3/3/4"    ; "America/Mazatlan"                     ; "MX"    ; "Luis B. Sanchez/San Luis Rio Colorado, SON"                 ; "Luis B. Sánchez/San Luis Río Colorado, SON"
656            ; 10     ; FIXED_LINE_OR_MOBILE ; STANDARD_RATE ; 3                ; "fixed_3/3/4"    ; "America/Hermosillo"                   ; "MX"    ; "Chihuahua"                                                  ; "Chihuahua"
6571           ; 10     ; FIXED_LINE_OR_MOBILE ; STANDARD_RATE ; 3                ; "fixed_3/3/4"    ; "America/Mazatlan"                     ; "MX"    ; "Chihuahua"                                                  ; "Chihuahua"                                                  ; IR21
6572           ; 10     ; FIXED_LINE_OR_MOBILE ; STANDARD_RATE ; 3                ; "fixed_3/3/4"    ; "America/Mazatlan"                     ; "MX"    ; "Juarez/Chihuahua"                                           ; "Juarez/Chihuahua"                                           ; GOVERNMENT
658            ; 10     ; FIXED_LINE_OR_MOBILE ; STANDARD_RATE ; 3                ; "fixed_3/3/4"    ; "America/Tijuana"                      ; "MX"    ; "Baja California"                                            ; "Baja California"
661            ; 10     ; FIXED_LINE_OR_MOBILE ; STANDARD_RATE ; 3                ; "fixed_3/3/4"    ; "America/Tijuana"                      ; "MX"    ; "Primo Tapia/Rosarito, BCN"                                  ; "Primo Tapia/Rosarito, BCN"
662            ; 10     ; FIXED_LINE_OR_MOBILE ; STANDARD_RATE ; 3                ; "fixed_3/3/4"    ; "America/Mazatlan"                     ; "MX"    ; "Sonora"                                                     ; "Sonora"
663            ; 10     ; FIXED_LINE_OR_MOBILE ; STANDARD_RATE ; 3                ; "fixed_3/3/4"    ; "America/Mexico_City"                  ; "MX"
664            ; 10     ; FIXED_LINE_OR_MOBILE ; STANDARD_RATE ; 3                ; "fixed_3/3/4"    ; "America/Tijuana"                      ; "MX"
665            ; 10     ; FIXED_LINE_OR_MOBILE ; STANDARD_RATE ; 3                ; "fixed_3/3/4"    ; "America/Tijuana"                      ; "MX"    ; "Tecate, BCN"                                                ; "Tecate, BCN"
66[7-9]        ; 10     ; FIXED_LINE_OR_MOBILE ; STANDARD_RATE ; 3                ; "fixed_3/3/4"    ; "America/Mazatlan"                     ; "MX"    ; "Sinaloa"                                                    ; "Sinaloa"
67[14-7]       ; 10     ; FIXED_LINE_OR_MOBILE ; STANDARD_RATE ; 3                ; "fixed_3/3/4"    ; "America/Mexico_City"                  ; "MX"    ; "Durango"                                                    ; "Durango"
67[23]         ; 10     ; FIXED_LINE_OR_MOBILE ; STANDARD_RATE ; 3                ; "fixed_3/3/4"    ; "America/Mazatlan"                     ; "MX"    ; "Sinaloa"                                                    ; "Sinaloa"
687            ; 10     ; FIXED_LINE_OR_MOBILE ; STANDARD_RATE ; 3                ; "fixed_3/3/4"    ; "America/Mazatlan"                     ; "MX"    ; "Sinaloa"                                                    ; "Sinaloa"
69[4-8]        ; 10     ; FIXED_LINE_OR_MOBILE ; STANDARD_RATE ; 3                ; "fixed_3/3/4"    ; "America/Mazatlan"                     ; "MX"    ; "Sinaloa"                                                    ; "Sinaloa"
711            ; 10     ; FIXED_LINE_OR_MOBILE ; STANDARD_RATE ; 3                ; "fixed_3/3/4"    ; "America/Mexico_City"                  ; "MX"    ; "Mexico/Michoacan"                                           ; "México/Michoacán"
71[246-8]      ; 10     ; FIXED_LINE_OR_MOBILE ; STANDARD_RATE ; 3                ; "fixed_3/3/4"    ; "America/Mexico_City"                  ; "MX"    ; "Estado de Mexico"                                           ; "Estado de México"
713            ; 10     ; FIXED_LINE_OR_MOBILE ; STANDARD_RATE ; 3                ; "fixed_3/3/4"    ; "America/Mexico_City"                  ; "MX"    ; "Santiago Tianguistenco, MEX"                                ; "Santiago Tianguistenco, MEX"
715            ; 10     ; FIXED_LINE_OR_MOBILE ; STANDARD_RATE ; 3                ; "fixed_3/3/4"    ; "America/Mexico_City"                  ; "MX"    ; "Michoacan"                                                  ; "Michoacán"
719            ; 10     ; FIXED_LINE_OR_MOBILE ; STANDARD_RATE ; 3                ; "fixed_3/3/4"    ; "America/Mexico_City"                  ; "MX"    ; "San Francisco Xonacatlan/Temoaya, MEX"                      ; "San Francisco Xonacatlán/Temoaya, MEX"
720            ; 10     ; FIXED_LINE_OR_MOBILE ; STANDARD_RATE ; 3                ; "fixed_3/3/4"    ; "America/Mexico_City"                  ; "MX"    ; "Toluca"                                                     ; "Toluca"                                                     ; GOVERNMENT
721            ; 10     ; FIXED_LINE_OR_MOBILE ; STANDARD_RATE ; 3                ; "fixed_3/3/4"    ; "America/Mexico_City"                  ; "MX"    ; "Ixtapan de la Sal, MEX"                                     ; "Ixtapan de la Sal, MEX"
72[269]        ; 10     ; FIXED_LINE_OR_MOBILE ; STANDARD_RATE ; 3                ; "fixed_3/3/4"    ; "America/Mexico_City"                  ; "MX"    ; "Estado de Mexico"                                           ; "Estado de México"
723            ; 10     ; FIXED_LINE_OR_MOBILE ; STANDARD_RATE ; 3                ; "fixed_3/3/4"    ; "America/Mexico_City"                  ; "MX"    ; "Coatepec Harinas, MEX"                                      ; "Coatepec Harinas, MEX"
724            ; 10     ; FIXED_LINE_OR_MOBILE ; STANDARD_RATE ; 3                ; "fixed_3/3/4"    ; "America/Mexico_City"                  ; "MX"    ; "Luvianos/Tejupilco de Hidalgo, MEX"                         ; "Luvianos/Tejupilco de Hidalgo, MEX"
725            ; 10     ; FIXED_LINE_OR_MOBILE ; STANDARD_RATE ; 3                ; "fixed_3/3/4"    ; "America/Mexico_City"                  ; "MX"    ; "Almoloya de Juarez/Santa Maria Del Monte, MEX"              ; "Almoloya de Juárez/Santa María del Monte, MEX"
7[26]7         ; 10     ; FIXED_LINE_OR_MOBILE ; STANDARD_RATE ; 3                ; "fixed_3/3/4"    ; "America/Mexico_City"                  ; "MX"    ; "Guerrero"                                                   ; "Guerrero"
728            ; 10     ; FIXED_LINE_OR_MOBILE ; STANDARD_RATE ; 3                ; "fixed_3/3/4"    ; "America/Mexico_City"                  ; "MX"    ; "Lerma/Santa Maria Atarasquillo, MEX"                        ; "Lerma/Santa María Atarasquillo, MEX"
73[147]        ; 10     ; FIXED_LINE_OR_MOBILE ; STANDARD_RATE ; 3                ; "fixed_3/3/4"    ; "America/Mexico_City"                  ; "MX"    ; "Morelos"                                                    ; "Morelos"
73[26]         ; 10     ; FIXED_LINE_OR_MOBILE ; STANDARD_RATE ; 3                ; "fixed_3/3/4"    ; "America/Mexico_City"                  ; "MX"    ; "Guerrero"                                                   ; "Guerrero"
733            ; 10     ; FIXED_LINE_OR_MOBILE ; STANDARD_RATE ; 3                ; "fixed_3/3/4"    ; "America/Mexico_City"                  ; "MX"    ; "Iguala, GRO"                                                ; "Iguala, GRO"
735            ; 10     ; FIXED_LINE_OR_MOBILE ; STANDARD_RATE ; 3                ; "fixed_3/3/4"    ; "America/Mexico_City"                  ; "MX"    ; "Cuautla/Jonacatepec, MOR"                                   ; "Cuautla/Jonacatepec, MOR"
738            ; 10     ; FIXED_LINE_OR_MOBILE ; STANDARD_RATE ; 3                ; "fixed_3/3/4"    ; "America/Mexico_City"                  ; "MX"    ; "Mixquiahuala/Tepatepec, HGO"                                ; "Mixquiahuala/Tepatepec, HGO"
739            ; 10     ; FIXED_LINE_OR_MOBILE ; STANDARD_RATE ; 3                ; "fixed_3/3/4"    ; "America/Mexico_City"                  ; "MX"    ; "Huitzilac/Tepoztlan, MOR"                                   ; "Huitzilac/Tepoztlan, MOR"
74[1257]       ; 10     ; FIXED_LINE_OR_MOBILE ; STANDARD_RATE ; 3                ; "fixed_3/3/4"    ; "America/Mexico_City"                  ; "MX"    ; "Guerrero"                                                   ; "Guerrero"
74[38]         ; 10     ; FIXED_LINE_OR_MOBILE ; STANDARD_RATE ; 3                ; "fixed_3/3/4"    ; "America/Mexico_City"                  ; "MX"    ; "Hidalgo"                                                    ; "Hidalgo"
744            ; 10     ; FIXED_LINE_OR_MOBILE ; STANDARD_RATE ; 3                ; "fixed_3/3/4"    ; "America/Mexico_City"                  ; "MX"    ; "Acapulco/Xaltianguis, GRO"                                  ; "Acapulco/Xaltianguis, GRO"
746            ; 10     ; FIXED_LINE_OR_MOBILE ; STANDARD_RATE ; 3                ; "fixed_3/3/4"    ; "America/Mexico_City"                  ; "MX"    ; "Puebla/Veracruz"                                            ; "Puebla/Veracruz"
749            ; 10     ; FIXED_LINE_OR_MOBILE ; STANDARD_RATE ; 3                ; "fixed_3/3/4"    ; "America/Mexico_City"                  ; "MX"    ; "Calpulalpan, TLAX"                                          ; "Calpulalpan, TLAX"
751            ; 10     ; FIXED_LINE_OR_MOBILE ; STANDARD_RATE ; 3                ; "fixed_3/3/4"    ; "America/Mexico_City"                  ; "MX"    ; "Morelos"                                                    ; "Morelos"
753            ; 10     ; FIXED_LINE_OR_MOBILE ; STANDARD_RATE ; 3                ; "fixed_3/3/4"    ; "America/Mexico_City"                  ; "MX"    ; "Michoacan"                                                  ; "Michoacán"
754            ; 10     ; FIXED_LINE_OR_MOBILE ; STANDARD_RATE ; 3                ; "fixed_3/3/4"    ; "America/Mexico_City"                  ; "MX"    ; "Guerrero"                                                   ; "Guerrero"
755            ; 10     ; FIXED_LINE_OR_MOBILE ; STANDARD_RATE ; 3                ; "fixed_3/3/4"    ; "America/Mexico_City"                  ; "MX"    ; "Ixtapa/Zihuatanejo, GRO"                                    ; "Ixtapa/Zihuatanejo, GRO"
756            ; 10     ; FIXED_LINE_OR_MOBILE ; STANDARD_RATE ; 3                ; "fixed_3/3/4"    ; "America/Mexico_City"                  ; "MX"    ; "Chilapa/Olinala, GRO"                                       ; "Chilapa/Olinalá, GRO"
757            ; 10     ; FIXED_LINE_OR_MOBILE ; STANDARD_RATE ; 3                ; "fixed_3/3/4"    ; "America/Mexico_City"                  ; "MX"    ; "Huamuxtitlan/Tlapa de Comonfort, GRO"                       ; "Huamuxtitlan/Tlapa de Comonfort, GRO"
758            ; 10     ; FIXED_LINE_OR_MOBILE ; STANDARD_RATE ; 3                ; "fixed_3/3/4"    ; "America/Mexico_City"                  ; "MX"    ; "Petatlan/San Jeronimito, GRO"                               ; "Petatlan/San Jeronimito, GRO"
759            ; 10     ; FIXED_LINE_OR_MOBILE ; STANDARD_RATE ; 3                ; "fixed_3/3/4"    ; "America/Mexico_City"                  ; "MX"    ; "Hidalgo"                                                    ; "Hidalgo"
761            ; 10     ; FIXED_LINE_OR_MOBILE ; STANDARD_RATE ; 3                ; "fixed_3/3/4"    ; "America/Mexico_City"                  ; "MX"    ; "Hidalgo"                                                    ; "Hidalgo"
762            ; 10     ; FIXED_LINE_OR_MOBILE ; STANDARD_RATE ; 3                ; "fixed_3/3/4"    ; "America/Mexico_City"                  ; "MX"    ; "Taxco, GRO"                                                 ; "Taxco, GRO"
763            ; 10     ; FIXED_LINE_OR_MOBILE ; STANDARD_RATE ; 3                ; "fixed_3/3/4"    ; "America/Mexico_City"                  ; "MX"    ; "Tezontepec de Aldama/Tlahuelilpan, HGO"                     ; "Tezontepec de Aldama/Tlahuelilpan, HGO"
764            ; 10     ; FIXED_LINE_OR_MOBILE ; STANDARD_RATE ; 3                ; "fixed_3/3/4"    ; "America/Mexico_City"                  ; "MX"    ; "Puebla"                                                     ; "Puebla"
765            ; 10     ; FIXED_LINE_OR_MOBILE ; STANDARD_RATE ; 3                ; "fixed_3/3/4"    ; "America/Mexico_City"                  ; "MX"    ; "Alamo Temapache/Alazan/Potrero Del Llano, VER"              ; "Álamo Temapache/Alazán/Potrero del Llano, VER"
766            ; 10     ; FIXED_LINE_OR_MOBILE ; STANDARD_RATE ; 3                ; "fixed_3/3/4"    ; "America/Mexico_City"                  ; "MX"    ; "Gutierrez Zamora/Tecolutla, VER"                            ; "Gutiérrez Zamora/Tecolutla, VER"
768            ; 10     ; FIXED_LINE_OR_MOBILE ; STANDARD_RATE ; 3                ; "fixed_3/3/4"    ; "America/Mexico_City"                  ; "MX"    ; "Veracruz"                                                   ; "Veracruz"
769            ; 10     ; FIXED_LINE_OR_MOBILE ; STANDARD_RATE ; 3                ; "fixed_3/3/4"    ; "America/Mexico_City"                  ; "MX"    ; "Morelos"                                                    ; "Morelos"
770            ; 10     ; FIXED_LINE_OR_MOBILE ; STANDARD_RATE ; 3                ; "fixed_3/3/4"    ; "America/Mexico_City"                  ; "MX"    ; "Cuernavaca/Emiliano Zapata/Temixco/Xochitepec/Jiutepec"     ; "Cuernavaca/Emiliano Zapata/Temixco/Xochitepec/Jiutepec"     ; GOVERNMENT
771            ; 10     ; FIXED_LINE_OR_MOBILE ; STANDARD_RATE ; 3                ; "fixed_3/3/4"    ; "America/Mexico_City"                  ; "MX"    ; "Pachuca/Real Del Monte, HGO"                                ; "Pachuca/Real del Monte, HGO"
772            ; 10     ; FIXED_LINE_OR_MOBILE ; STANDARD_RATE ; 3                ; "fixed_3/3/4"    ; "America/Mexico_City"                  ; "MX"    ; "Actopan, HGO"                                               ; "Actopan, HGO"
77[348]        ; 10     ; FIXED_LINE_OR_MOBILE ; STANDARD_RATE ; 3                ; "fixed_3/3/4"    ; "America/Mexico_City"                  ; "MX"    ; "Hidalgo"                                                    ; "Hidalgo"
775            ; 10     ; FIXED_LINE_OR_MOBILE ; STANDARD_RATE ; 3                ; "fixed_3/3/4"    ; "America/Mexico_City"                  ; "MX"    ; "Tulancingo, HGO"                                            ; "Tulancingo, HGO"
776            ; 10     ; FIXED_LINE_OR_MOBILE ; STANDARD_RATE ; 3                ; "fixed_3/3/4"    ; "America/Mexico_City"                  ; "MX"    ; "Puebla"                                                     ; "Puebla"
777            ; 10     ; FIXED_LINE_OR_MOBILE ; STANDARD_RATE ; 3                ; "fixed_3/3/4"    ; "America/Mexico_City"                  ; "MX"    ; "Morelos"                                                    ; "Morelos"
779            ; 10     ; FIXED_LINE_OR_MOBILE ; STANDARD_RATE ; 3                ; "fixed_3/3/4"    ; "America/Mexico_City"                  ; "MX"    ; "Tizayuca, HGO"                                              ; "Tizayuca, HGO"
781            ; 10     ; FIXED_LINE_OR_MOBILE ; STANDARD_RATE ; 3                ; "fixed_3/3/4"    ; "America/Mexico_City"                  ; "MX"    ; "Coyuca de Benitez/San Jeronimo de Juarez, GRO"              ; "Coyuca de Benítez/San Jerónimo de Juárez, GRO"
782            ; 10     ; FIXED_LINE_OR_MOBILE ; STANDARD_RATE ; 3                ; "fixed_3/3/4"    ; "America/Mexico_City"                  ; "MX"    ; "Poza Rica, VER"                                             ; "Poza Rica, VER"
783            ; 10     ; FIXED_LINE_OR_MOBILE ; STANDARD_RATE ; 3                ; "fixed_3/3/4"    ; "America/Mexico_City"                  ; "MX"    ; "Tuxpan, VER"                                                ; "Tuxpan, VER"
78[459]        ; 10     ; FIXED_LINE_OR_MOBILE ; STANDARD_RATE ; 3                ; "fixed_3/3/4"    ; "America/Mexico_City"                  ; "MX"    ; "Veracruz"                                                   ; "Veracruz"
786            ; 10     ; FIXED_LINE_OR_MOBILE ; STANDARD_RATE ; 3                ; "fixed_3/3/4"    ; "America/Mexico_City"                  ; "MX"    ; "Ciudad Hidalgo/Tuxpan, MICH"                                ; "Ciudad Hidalgo/Tuxpan, MICH"
791            ; 10     ; FIXED_LINE_OR_MOBILE ; STANDARD_RATE ; 3                ; "fixed_3/3/4"    ; "America/Mexico_City"                  ; "MX"    ; "Ciudad Sahagun, HGO"                                        ; "Ciudad Sahagún, HGO"
797            ; 10     ; FIXED_LINE_OR_MOBILE ; STANDARD_RATE ; 3                ; "fixed_3/3/4"    ; "America/Mexico_City"                  ; "MX"    ; "Puebla"                                                     ; "Puebla"
800            ; 10     ; FIXED_LINE           ; TOLL_FREE     ;                  ; "fixed_3/3/4"    ; "America/Mexico_City"                  ; "MX"
81             ; 10     ; FIXED_LINE_OR_MOBILE ; STANDARD_RATE ; 2                ; "fixed_2/4/4"    ; "America/Mexico_City"                  ; "MX"    ; "Monterrey, NL"                                              ; "Monterrey, NL"
821            ; 10     ; FIXED_LINE_OR_MOBILE ; STANDARD_RATE ; 3                ; "fixed_3/3/4"    ; "America/Mexico_City"                  ; "MX"    ; "Hualahuises/Linares, NL"                                    ; "Hualahuises/Linares, NL"
82[3569]       ; 10     ; FIXED_LINE_OR_MOBILE ; STANDARD_RATE ; 3                ; "fixed_3/3/4"    ; "America/Mexico_City"                  ; "MX"    ; "Nuevo Leon"                                                 ; "Nuevo León"
824            ; 10     ; FIXED_LINE_OR_MOBILE ; STANDARD_RATE ; 3                ; "fixed_3/3/4"    ; "America/Mexico_City"                  ; "MX"    ; "Sabinas Hidalgo, NL"                                        ; "Sabinas Hidalgo, NL"
828            ; 10     ; FIXED_LINE_OR_MOBILE ; STANDARD_RATE ; 3                ; "fixed_3/3/4"    ; "America/Mexico_City"                  ; "MX"    ; "Cadereyta, NL"                                              ; "Cadereyta, NL"
831            ; 10     ; FIXED_LINE_OR_MOBILE ; STANDARD_RATE ; 3                ; "fixed_3/3/4"    ; "America/Mexico_City"                  ; "MX"    ; "Ciudad Mante/Los Aztecas, TAMPS"                            ; "Ciudad Mante/Los Aztecas, TAMPS"
83[256]        ; 10     ; FIXED_LINE_OR_MOBILE ; STANDARD_RATE ; 3                ; "fixed_3/3/4"    ; "America/Mexico_City"                  ; "MX"    ; "Tamaulipas"                                                 ; "Tamaulipas"
833            ; 10     ; FIXED_LINE_OR_MOBILE ; STANDARD_RATE ; 3                ; "fixed_3/3/4"    ; "America/Mexico_City"                  ; "MX"    ; "Tampico, TAMPS"                                             ; "Tampico, TAMPS"
834            ; 10     ; FIXED_LINE_OR_MOBILE ; STANDARD_RATE ; 3                ; "fixed_3/3/4"    ; "America/Mexico_City"                  ; "MX"    ; "Ciudad Victoria, TAMPS"                                     ; "Ciudad Victoria, TAMPS"
841            ; 10     ; FIXED_LINE_OR_MOBILE ; STANDARD_RATE ; 3                ; "fixed_3/3/4"    ; "America/Mexico_City"                  ; "MX"    ; "Tamaulipas"                                                 ; "Tamaulipas"
842            ; 10     ; FIXED_LINE_OR_MOBILE ; STANDARD_RATE ; 3                ; "fixed_3/3/4"    ; "America/Mexico_City"                  ; "MX"    ; "Coahuila"                                                   ; "Coahuila"
844            ; 10     ; FIXED_LINE_OR_MOBILE ; STANDARD_RATE ; 3                ; "fixed_3/3/4"    ; "America/Mexico_City"                  ; "MX"    ; "Saltillo, COAH"                                             ; "Saltillo, COAH"
845            ; 10     ; FIXED_LINE_OR_MOBILE ; STANDARD_RATE ; 3                ; "fixed_3/3/4"    ; "America/Mexico_City"                  ; "MX"    ; "Ebano/Ponciano Arriaga, SLP"                                ; "Ebano/Ponciano Arriaga, SLP"
846            ; 10     ; FIXED_LINE_OR_MOBILE ; STANDARD_RATE ; 3                ; "fixed_3/3/4"    ; "America/Mexico_City"                  ; "MX"    ; "Veracruz"                                                   ; "Veracruz"
861            ; 10     ; FIXED_LINE_OR_MOBILE ; STANDARD_RATE ; 3                ; "fixed_3/3/4"    ; "America/Mexico_City"                  ; "MX"    ; "Nueva Rosita/Sabinas, COAH"                                 ; "Nueva Rosita/Sabinas, COAH"
86[24]         ; 10     ; FIXED_LINE_OR_MOBILE ; STANDARD_RATE ; 3                ; "fixed_3/3/4"    ; "America/Mexico_City"                  ; "MX"    ; "Coahuila"                                                   ; "Coahuila"
866            ; 10     ; FIXED_LINE_OR_MOBILE ; STANDARD_RATE ; 3                ; "fixed_3/3/4"    ; "America/Mexico_City"                  ; "MX"    ; "Castanos/Monclova, COAH"                                    ; "Castaños/Monclova, COAH"
867            ; 10     ; FIXED_LINE_OR_MOBILE ; STANDARD_RATE ; 3                ; "fixed_3/3/4"    ; "America/Mexico_City"                  ; "MX"    ; "Nuevo Laredo/Tamaulipas"                                    ; "Nuevo León/Tamaulipas"
868            ; 10     ; FIXED_LINE_OR_MOBILE ; STANDARD_RATE ; 3                ; "fixed_3/3/4"    ; "America/Mexico_City"                  ; "MX"    ; "Tamaulipas"                                                 ; "Tamaulipas"
869            ; 10     ; FIXED_LINE_OR_MOBILE ; STANDARD_RATE ; 3                ; "fixed_3/3/4"    ; "America/Mexico_City"                  ; "MX"    ; "Cuatro Cienegas/San Buenaventura, COAH"                     ; "Cuatro Ciénegas/San Buenaventura, COAH"
870            ; 10     ; FIXED_LINE_OR_MOBILE ; STANDARD_RATE ; 3                ; "fixed_3/3/4"    ; "America/Mexico_City"                  ; "MX"    ; "Coahuila/Durango"                                           ; "Coahuila/Durango"                                           ; GOVERNMENT
871            ; 10     ; FIXED_LINE_OR_MOBILE ; STANDARD_RATE ; 3                ; "fixed_3/3/4"    ; "America/Mexico_City"                  ; "MX"    ; "Coahuila"                                                   ; "Coahuila"
872            ; 10     ; FIXED_LINE_OR_MOBILE ; STANDARD_RATE ; 3                ; "fixed_3/3/4"    ; "America/Mexico_City"                  ; "MX"    ; "Coahuila/Durango"                                           ; "Coahuila/Durango"
873            ; 10     ; FIXED_LINE_OR_MOBILE ; STANDARD_RATE ; 3                ; "fixed_3/3/4"    ; "America/Mexico_City"                  ; "MX"    ; "Nuevo Leon"                                                 ; "Nuevo León"
877            ; 10     ; FIXED_LINE_OR_MOBILE ; STANDARD_RATE ; 3                ; "fixed_3/3/4"    ; "America/Mexico_City"                  ; "MX"    ; "Ciudad Acuna, COAH"                                         ; "Ciudad Acuña, COAH"
878            ; 10     ; FIXED_LINE_OR_MOBILE ; STANDARD_RATE ; 3                ; "fixed_3/3/4"    ; "America/Mexico_City"                  ; "MX"    ; "Piedras Negras, COAH"                                       ; "Piedras Negras, COAH"
888            ; 10     ; FIXED_LINE           ; TOLL_FREE     ;                  ; "fixed_3/3/4"    ; "America/Mexico_City"                  ; "MX"
89[179]        ; 10     ; FIXED_LINE_OR_MOBILE ; STANDARD_RATE ; 3                ; "fixed_3/3/4"    ; "America/Mexico_City"                  ; "MX"    ; "Tamaulipas"                                                 ; "Tamaulipas"
892            ; 10     ; FIXED_LINE_OR_MOBILE ; STANDARD_RATE ; 3                ; "fixed_3/3/4"    ; "America/Mexico_City"                  ; "MX"    ; "Nuevo Leon"                                                 ; "Nuevo León"
894            ; 10     ; FIXED_LINE_OR_MOBILE ; STANDARD_RATE ; 3                ; "fixed_3/3/4"    ; "America/Mexico_City"                  ; "MX"    ; "Santa Apolonia/Valle Hermoso, TAMPS"                        ; "Santa Apolonia/Valle Hermoso, TAMPS"
900            ; 10     ; FIXED_LINE           ; PREMIUM_RATE  ;                  ; "fixed_3/3/4"    ; "America/Mexico_City"                  ; "MX"
91[347]        ; 10     ; FIXED_LINE_OR_MOBILE ; STANDARD_RATE ; 3                ; "fixed_3/3/4"    ; "America/Mexico_City"                  ; "MX"    ; "Tabasco"                                                    ; "Tabasco"
91[689]        ; 10     ; FIXED_LINE_OR_MOBILE ; STANDARD_RATE ; 3                ; "fixed_3/3/4"    ; "America/Mexico_City"                  ; "MX"    ; "Chiapas"                                                    ; "Chiapas"
921            ; 10     ; FIXED_LINE_OR_MOBILE ; STANDARD_RATE ; 3                ; "fixed_3/3/4"    ; "America/Mexico_City"                  ; "MX"    ; "Coatzacoalcos/Ixhuatlan Del Sureste, VER"                   ; "Coatzacoalcos/Ixhuatlán del Sureste, VER"
92[24]         ; 10     ; FIXED_LINE_OR_MOBILE ; STANDARD_RATE ; 3                ; "fixed_3/3/4"    ; "America/Mexico_City"                  ; "MX"    ; "Veracruz"                                                   ; "Veracruz"
923            ; 10     ; FIXED_LINE_OR_MOBILE ; STANDARD_RATE ; 3                ; "fixed_3/3/4"    ; "America/Mexico_City"                  ; "MX"    ; "Tabasco/Veracruz"                                           ; "Tabasco/Veracruz"
932            ; 10     ; FIXED_LINE_OR_MOBILE ; STANDARD_RATE ; 3                ; "fixed_3/3/4"    ; "America/Mexico_City"                  ; "MX"    ; "Chiapas/Tabasco"                                            ; "Chiapas/Tabasco"
93[346]        ; 10     ; FIXED_LINE_OR_MOBILE ; STANDARD_RATE ; 3                ; "fixed_3/3/4"    ; "America/Mexico_City"                  ; "MX"    ; "Tabasco"                                                    ; "Tabasco"
937            ; 10     ; FIXED_LINE_OR_MOBILE ; STANDARD_RATE ; 3                ; "fixed_3/3/4"    ; "America/Mexico_City"                  ; "MX"    ; "Cardenas, TAB"                                              ; "Cárdenas, TAB"
938            ; 10     ; FIXED_LINE_OR_MOBILE ; STANDARD_RATE ; 3                ; "fixed_3/3/4"    ; "America/Mexico_City"                  ; "MX"    ; "Ciudad Del Carmen, CAMP"                                    ; "Ciudad del Carmen, CAMP"
95[1348]       ; 10     ; FIXED_LINE_OR_MOBILE ; STANDARD_RATE ; 3                ; "fixed_3/3/4"    ; "America/Mexico_City"                  ; "MX"    ; "Oaxaca"                                                     ; "Oaxaca"
96[1-58]       ; 10     ; FIXED_LINE_OR_MOBILE ; STANDARD_RATE ; 3                ; "fixed_3/3/4"    ; "America/Mexico_City"                  ; "MX"    ; "Chiapas"                                                    ; "Chiapas"
966            ; 10     ; FIXED_LINE_OR_MOBILE ; STANDARD_RATE ; 3                ; "fixed_3/3/4"    ; "America/Mexico_City"                  ; "MX"    ; "Arriaga/Tonala, CHIS"                                       ; "Arriaga/Tonalá, CHIS"
967            ; 10     ; FIXED_LINE_OR_MOBILE ; STANDARD_RATE ; 3                ; "fixed_3/3/4"    ; "America/Mexico_City"                  ; "MX"    ; "San Cristobal de las Casas, CHIS"                           ; "San Cristóbal de las Casas, CHIS"
969            ; 10     ; FIXED_LINE_OR_MOBILE ; STANDARD_RATE ; 3                ; "fixed_3/3/4"    ; "America/Mexico_City"                  ; "MX"    ; "Flamboyanes/Yucalpeten, YUC"                                ; "Flamboyanes/Yucalpeten, YUC"
97[12]         ; 10     ; FIXED_LINE_OR_MOBILE ; STANDARD_RATE ; 3                ; "fixed_3/3/4"    ; "America/Mexico_City"                  ; "MX"    ; "Oaxaca"                                                     ; "Oaxaca"
981            ; 10     ; FIXED_LINE_OR_MOBILE ; STANDARD_RATE ; 3                ; "fixed_3/3/4"    ; "America/Mexico_City"                  ; "MX"    ; "Campeche, CAMP"                                             ; "Campeche, CAMP"
982            ; 10     ; FIXED_LINE_OR_MOBILE ; STANDARD_RATE ; 3                ; "fixed_3/3/4"    ; "America/Mexico_City"                  ; "MX"    ; "Campeche"                                                   ; "Campeche"
98[34]         ; 10     ; FIXED_LINE_OR_MOBILE ; STANDARD_RATE ; 3                ; "fixed_3/3/4"    ; "America/New_York"                     ; "MX"    ; "Quintana Roo"                                               ; "Quintana Roo"
98[568]        ; 10     ; FIXED_LINE_OR_MOBILE ; STANDARD_RATE ; 3                ; "fixed_3/3/4"    ; "America/Mexico_City"                  ; "MX"    ; "Yucatan"                                                    ; "Yucatán"
987            ; 10     ; FIXED_LINE_OR_MOBILE ; STANDARD_RATE ; 3                ; "fixed_3/3/4"    ; "America/New_York"                     ; "MX"    ; "Cozumel, QRO"                                               ; "Cozumel, QRO"
990            ; 10     ; FIXED_LINE_OR_MOBILE ; STANDARD_RATE ; 3                ; "fixed_3/3/4"    ; "America/Mexico_City"                  ; "MX"    ; "Merida"                                                     ; "Merida"                                                     ; GOVERNMENT
99[17]         ; 10     ; FIXED_LINE_OR_MOBILE ; STANDARD_RATE ; 3                ; "fixed_3/3/4"    ; "America/Mexico_City"                  ; "MX"    ; "Yucatan"                                                    ; "Yucatán"
992            ; 10     ; FIXED_LINE_OR_MOBILE ; STANDARD_RATE ; 3                ; "fixed_3/3/4"    ; "America/Mexico_City"                  ; "MX"    ; "Chiapas"                                                    ; "Chiapas"
993            ; 10     ; FIXED_LINE_OR_MOBILE ; STANDARD_RATE ; 3                ; "fixed_3/3/4"    ; "America/Mexico_City"                  ; "MX"    ; "Tabasco"                                                    ; "Tabasco"
994            ; 10     ; FIXED_LINE_OR_MOBILE ; STANDARD_RATE ; 3                ; "fixed_3/3/4"    ; "America/Mexico_City"                  ; "MX"    ; "Oaxaca"                                                     ; "Oaxaca"
995            ; 10     ; FIXED_LINE_OR_MOBILE ; STANDARD_RATE ; 3                ; "fixed_3/3/4"    ; "America/Mexico_City"                  ; "MX"    ; "Magdalena Tequisistlan/Santa Maria Jalapa Del Marquez, OAX" ; "Magdalena Tequisistlán/Santa Maria Jalapa del Marqués, OAX"
996            ; 10     ; FIXED_LINE_OR_MOBILE ; STANDARD_RATE ; 3                ; "fixed_3/3/4"    ; "America/Mexico_City"                  ; "MX"    ; "Campeche"                                                   ; "Campeche"
998            ; 10     ; FIXED_LINE_OR_MOBILE ; STANDARD_RATE ; 3                ; "fixed_3/3/4"    ; "America/New_York"                     ; "MX"    ; "Quintana Roo"                                               ; "Quintana Roo"
999            ; 10     ; FIXED_LINE_OR_MOBILE ; STANDARD_RATE ; 3                ; "fixed_3/3/4"    ; "America/Mexico_City"                  ; "MX"    ; "Conkal/Merida, YUC"                                         ; "Conkal/Mérida, YUC"
